Date_Key,Customer_Segment_ID,Aging_Bucket,Amount_EUR,Provision_Pct,Provision_EUR
20200131,SEG01,Current,16646714.51,0.0,0.0
20200131,SEG01,1-30,7290056.92,0.01,72900.57
20200131,SEG01,31-60,3553259.51,0.03,106597.79
20200131,SEG01,61-90,1475858.69,0.08,118068.7
20200131,SEG01,90+,913245.74,0.25,228311.43
20200131,SEG02,Current,8341816.86,0.0,0.0
20200131,SEG02,1-30,3840243.26,0.01,38402.43
20200131,SEG02,31-60,1756305.38,0.03,52689.16
20200131,SEG02,61-90,746876.01,0.08,59750.08
20200131,SEG02,90+,437532.72,0.25,109383.18
20200131,SEG03,Current,8114958.1,0.0,0.0
20200131,SEG03,1-30,3753162.38,0.01,37531.62
20200131,SEG03,31-60,1749778.47,0.03,52493.35
20200131,SEG03,61-90,736831.98,0.08,58946.56
20200131,SEG03,90+,454283.81,0.25,113570.95
20200131,SEG04,Current,2069140.65,0.0,0.0
20200131,SEG04,1-30,922255.78,0.01,9222.56
20200131,SEG04,31-60,452646.25,0.03,13579.39
20200131,SEG04,61-90,191080.75,0.08,15286.46
20200131,SEG04,90+,109225.83,0.25,27306.46
20200229,SEG01,Current,17340449.41,0.0,0.0
20200229,SEG01,1-30,7832015.94,0.01,78320.16
20200229,SEG01,31-60,3679589.92,0.03,110387.7
20200229,SEG01,61-90,1516000.94,0.08,121280.08
20200229,SEG01,90+,954279.57,0.25,238569.89
20200229,SEG02,Current,8430525.96,0.0,0.0
20200229,SEG02,1-30,3775435.58,0.01,37754.36
20200229,SEG02,31-60,1812651.62,0.03,54379.55
20200229,SEG02,61-90,790137.64,0.08,63211.01
20200229,SEG02,90+,467290.22,0.25,116822.55
20200229,SEG03,Current,8670893.41,0.0,0.0
20200229,SEG03,1-30,3923343.72,0.01,39233.44
20200229,SEG03,31-60,1861637.84,0.03,55849.14
20200229,SEG03,61-90,795971.5,0.08,63677.72
20200229,SEG03,90+,461015.48,0.25,115253.87
20200229,SEG04,Current,2135146.11,0.0,0.0
20200229,SEG04,1-30,986621.94,0.01,9866.22
20200229,SEG04,31-60,467702.43,0.03,14031.07
20200229,SEG04,61-90,197699.42,0.08,15815.95
20200229,SEG04,90+,116638.84,0.25,29159.71
20200331,SEG01,Current,17235193.3,0.0,0.0
20200331,SEG01,1-30,10399542.92,0.01,103995.43
20200331,SEG01,31-60,5842408.15,0.03,175272.24
20200331,SEG01,61-90,3518592.46,0.1,351859.25
20200331,SEG01,90+,2315851.45,0.3,694755.44
20200331,SEG02,Current,9665327.8,0.0,0.0
20200331,SEG02,1-30,6020155.6,0.01,60201.56
20200331,SEG02,31-60,3380915.26,0.03,101427.46
20200331,SEG02,61-90,2072675.02,0.1,207267.5
20200331,SEG02,90+,1359509.14,0.3,407852.74
20200331,SEG03,Current,7309725.91,0.0,0.0
20200331,SEG03,1-30,4545232.6,0.01,45452.33
20200331,SEG03,31-60,2533990.95,0.03,76019.73
20200331,SEG03,61-90,1582351.18,0.1,158235.12
20200331,SEG03,90+,1037099.29,0.3,311129.79
20200331,SEG04,Current,2471782.73,0.0,0.0
20200331,SEG04,1-30,1511527.8,0.01,15115.28
20200331,SEG04,31-60,868417.38,0.03,26052.52
20200331,SEG04,61-90,503604.02,0.1,50360.4
20200331,SEG04,90+,340177.93,0.3,102053.38
20200430,SEG01,Current,18227343.6,0.0,0.0
20200430,SEG01,1-30,11211905.32,0.01,112119.05
20200430,SEG01,31-60,6198056.54,0.03,185941.7
20200430,SEG01,61-90,3747222.71,0.1,374722.27
20200430,SEG01,90+,2521606.7,0.3,756482.01
20200430,SEG02,Current,10384897.35,0.0,0.0
20200430,SEG02,1-30,6310243.33,0.01,63102.43
20200430,SEG02,31-60,3463579.84,0.03,103907.4
20200430,SEG02,61-90,2114499.38,0.1,211449.94
20200430,SEG02,90+,1405585.57,0.3,421675.67
20200430,SEG03,Current,7528930.36,0.0,0.0
20200430,SEG03,1-30,4938741.24,0.01,49387.41
20200430,SEG03,31-60,2733074.24,0.03,81992.23
20200430,SEG03,61-90,1585799.95,0.1,158579.99
20200430,SEG03,90+,1079058.15,0.3,323717.44
20200430,SEG04,Current,2537938.31,0.0,0.0
20200430,SEG04,1-30,1643518.14,0.01,16435.18
20200430,SEG04,31-60,888706.7,0.03,26661.2
20200430,SEG04,61-90,527002.84,0.1,52700.28
20200430,SEG04,90+,350944.95,0.3,105283.49
20200531,SEG01,Current,18272854.08,0.0,0.0
20200531,SEG01,1-30,11268826.53,0.01,112688.27
20200531,SEG01,31-60,6383098.63,0.03,191492.96
20200531,SEG01,61-90,3901474.91,0.1,390147.49
20200531,SEG01,90+,2525013.33,0.3,757504.0
20200531,SEG02,Current,10326472.46,0.0,0.0
20200531,SEG02,1-30,6792010.63,0.01,67920.11
20200531,SEG02,31-60,3666055.95,0.03,109981.68
20200531,SEG02,61-90,2144416.91,0.1,214441.69
20200531,SEG02,90+,1425760.33,0.3,427728.1
20200531,SEG03,Current,7693017.93,0.0,0.0
20200531,SEG03,1-30,4984171.86,0.01,49841.72
20200531,SEG03,31-60,2796128.83,0.03,83883.86
20200531,SEG03,61-90,1641082.29,0.1,164108.23
20200531,SEG03,90+,1070402.59,0.3,321120.78
20200531,SEG04,Current,2607188.3,0.0,0.0
20200531,SEG04,1-30,1697862.55,0.01,16978.63
20200531,SEG04,31-60,917590.54,0.03,27527.72
20200531,SEG04,61-90,565128.38,0.1,56512.84
20200531,SEG04,90+,374327.47,0.3,112298.24
20200630,SEG01,Current,17849322.84,0.0,0.0
20200630,SEG01,1-30,11699054.17,0.01,116990.54
20200630,SEG01,31-60,6484460.14,0.03,194533.8
20200630,SEG01,61-90,3857252.3,0.1,385725.23
20200630,SEG01,90+,2529913.06,0.3,758973.92
20200630,SEG02,Current,10698362.26,0.0,0.0
20200630,SEG02,1-30,6505984.91,0.01,65059.85
20200630,SEG02,31-60,3686202.69,0.03,110586.08
20200630,SEG02,61-90,2214247.35,0.1,221424.74
20200630,SEG02,90+,1520581.34,0.3,456174.4
20200630,SEG03,Current,8135906.07,0.0,0.0
20200630,SEG03,1-30,4925002.65,0.01,49250.03
20200630,SEG03,31-60,2775613.23,0.03,83268.4
20200630,SEG03,61-90,1633200.73,0.1,163320.07
20200630,SEG03,90+,1137692.37,0.3,341307.71
20200630,SEG04,Current,2711119.83,0.0,0.0
20200630,SEG04,1-30,1645170.27,0.01,16451.7
20200630,SEG04,31-60,932885.0,0.03,27986.55
20200630,SEG04,61-90,558732.51,0.1,55873.25
20200630,SEG04,90+,362360.35,0.3,108708.1
20200731,SEG01,Current,18492572.09,0.0,0.0
20200731,SEG01,1-30,11458570.37,0.01,114585.7
20200731,SEG01,31-60,6457038.15,0.03,193711.14
20200731,SEG01,61-90,3817459.98,0.1,381746.0
20200731,SEG01,90+,2464223.55,0.3,739267.06
20200731,SEG02,Current,10392539.81,0.0,0.0
20200731,SEG02,1-30,6404984.25,0.01,64049.84
20200731,SEG02,31-60,3758293.77,0.03,112748.81
20200731,SEG02,61-90,2248331.44,0.1,224833.14
20200731,SEG02,90+,1494749.72,0.3,448424.92
20200731,SEG03,Current,7786539.03,0.0,0.0
20200731,SEG03,1-30,4815148.95,0.01,48151.49
20200731,SEG03,31-60,2810296.86,0.03,84308.91
20200731,SEG03,61-90,1692998.12,0.1,169299.81
20200731,SEG03,90+,1071861.82,0.3,321558.55
20200731,SEG04,Current,2623632.02,0.0,0.0
20200731,SEG04,1-30,1606166.27,0.01,16061.66
20200731,SEG04,31-60,930312.97,0.03,27909.39
20200731,SEG04,61-90,558360.32,0.1,55836.03
20200731,SEG04,90+,358226.81,0.3,107468.04
20200831,SEG01,Current,17680995.79,0.0,0.0
20200831,SEG01,1-30,11151734.51,0.01,111517.35
20200831,SEG01,31-60,6089875.99,0.03,182696.28
20200831,SEG01,61-90,3788988.01,0.1,378898.8
20200831,SEG01,90+,2459385.45,0.3,737815.64
20200831,SEG02,Current,10039073.58,0.0,0.0
20200831,SEG02,1-30,6429648.94,0.01,64296.49
20200831,SEG02,31-60,3612788.29,0.03,108383.65
20200831,SEG02,61-90,2099835.52,0.1,209983.55
20200831,SEG02,90+,1409346.66,0.3,422804.0
20200831,SEG03,Current,7889417.68,0.0,0.0
20200831,SEG03,1-30,4854156.59,0.01,48541.57
20200831,SEG03,31-60,2662792.29,0.03,79883.77
20200831,SEG03,61-90,1605322.36,0.1,160532.24
20200831,SEG03,90+,1044776.72,0.3,313433.02
20200831,SEG04,Current,2511745.01,0.0,0.0
20200831,SEG04,1-30,1588052.19,0.01,15880.52
20200831,SEG04,31-60,895626.74,0.03,26868.8
20200831,SEG04,61-90,525887.82,0.1,52588.78
20200831,SEG04,90+,350380.26,0.3,105114.08
20200930,SEG01,Current,16587946.67,0.0,0.0
20200930,SEG01,1-30,10774971.32,0.01,107749.71
20200930,SEG01,31-60,5842780.02,0.03,175283.4
20200930,SEG01,61-90,3650310.89,0.1,365031.09
20200930,SEG01,90+,2427014.23,0.3,728104.27
20200930,SEG02,Current,9569889.23,0.0,0.0
20200930,SEG02,1-30,6070856.2,0.01,60708.56
20200930,SEG02,31-60,3461303.28,0.03,103839.1
20200930,SEG02,61-90,2020686.82,0.1,202068.68
20200930,SEG02,90+,1340387.25,0.3,402116.17
20200930,SEG03,Current,7559618.24,0.0,0.0
20200930,SEG03,1-30,4645577.5,0.01,46455.78
20200930,SEG03,31-60,2565707.88,0.03,76971.24
20200930,SEG03,61-90,1568285.31,0.1,156828.53
20200930,SEG03,90+,1046934.59,0.3,314080.38
20200930,SEG04,Current,2410087.44,0.0,0.0
20200930,SEG04,1-30,1504662.3,0.01,15046.62
20200930,SEG04,31-60,853096.76,0.03,25592.9
20200930,SEG04,61-90,511627.61,0.1,51162.76
20200930,SEG04,90+,341978.3,0.3,102593.49
20201031,SEG01,Current,16569816.88,0.0,0.0
20201031,SEG01,1-30,10369996.92,0.01,103699.97
20201031,SEG01,31-60,5867436.79,0.03,176023.1
20201031,SEG01,61-90,3338649.32,0.1,333864.93
20201031,SEG01,90+,2267394.38,0.3,680218.31
20201031,SEG02,Current,9338978.38,0.0,0.0
20201031,SEG02,1-30,6049589.96,0.01,60495.9
20201031,SEG02,31-60,3239892.3,0.03,97196.77
20201031,SEG02,61-90,1937013.92,0.1,193701.39
20201031,SEG02,90+,1311743.14,0.3,393522.94
20201031,SEG03,Current,7039275.83,0.0,0.0
20201031,SEG03,1-30,4381818.46,0.01,43818.18
20201031,SEG03,31-60,2430089.47,0.03,72902.68
20201031,SEG03,61-90,1517867.97,0.1,151786.8
20201031,SEG03,90+,983482.71,0.3,295044.81
20201031,SEG04,Current,2408587.29,0.0,0.0
20201031,SEG04,1-30,1484744.72,0.01,14847.45
20201031,SEG04,31-60,800199.9,0.03,24006.0
20201031,SEG04,61-90,508206.51,0.1,50820.65
20201031,SEG04,90+,335582.18,0.3,100674.65
20201130,SEG01,Current,16292517.73,0.0,0.0
20201130,SEG01,1-30,10204735.39,0.01,102047.35
20201130,SEG01,31-60,5643535.98,0.03,169306.08
20201130,SEG01,61-90,3250324.46,0.1,325032.45
20201130,SEG01,90+,2209248.23,0.3,662774.47
20201130,SEG02,Current,8985248.15,0.0,0.0
20201130,SEG02,1-30,5706409.26,0.01,57064.09
20201130,SEG02,31-60,3104708.26,0.03,93141.25
20201130,SEG02,61-90,1899602.89,0.1,189960.29
20201130,SEG02,90+,1312810.81,0.3,393843.24
20201130,SEG03,Current,6760105.12,0.0,0.0
20201130,SEG03,1-30,4378752.19,0.01,43787.52
20201130,SEG03,31-60,2385415.61,0.03,71562.47
20201130,SEG03,61-90,1428493.85,0.1,142849.39
20201130,SEG03,90+,983001.28,0.3,294900.38
20201130,SEG04,Current,2353506.33,0.0,0.0
20201130,SEG04,1-30,1439925.54,0.01,14399.26
20201130,SEG04,31-60,807738.92,0.03,24232.17
20201130,SEG04,61-90,468466.31,0.1,46846.63
20201130,SEG04,90+,315026.34,0.3,94507.9
20201231,SEG01,Current,16104626.62,0.0,0.0
20201231,SEG01,1-30,9882332.16,0.01,98823.32
20201231,SEG01,31-60,5478058.84,0.03,164341.77
20201231,SEG01,61-90,3327314.79,0.1,332731.48
20201231,SEG01,90+,2127616.03,0.3,638284.81
20201231,SEG02,Current,9082630.21,0.0,0.0
20201231,SEG02,1-30,5675357.95,0.01,56753.58
20201231,SEG02,31-60,3219153.14,0.03,96574.59
20201231,SEG02,61-90,1852585.31,0.1,185258.53
20201231,SEG02,90+,1295836.84,0.3,388751.05
20201231,SEG03,Current,6606986.89,0.0,0.0
20201231,SEG03,1-30,4175566.83,0.01,41755.67
20201231,SEG03,31-60,2377809.78,0.03,71334.29
20201231,SEG03,61-90,1433510.23,0.1,143351.02
20201231,SEG03,90+,930705.69,0.3,279211.71
20201231,SEG04,Current,2207720.68,0.0,0.0
20201231,SEG04,1-30,1451816.5,0.01,14518.17
20201231,SEG04,31-60,776108.77,0.03,23283.26
20201231,SEG04,61-90,475547.32,0.1,47554.73
20201231,SEG04,90+,317501.81,0.3,95250.54
20210131,SEG01,Current,15769797.4,0.0,0.0
20210131,SEG01,1-30,10000142.76,0.01,100001.43
20210131,SEG01,31-60,5535439.44,0.03,166063.18
20210131,SEG01,61-90,3403238.01,0.1,340323.8
20210131,SEG01,90+,2171917.52,0.3,651575.26
20210131,SEG02,Current,9260857.09,0.0,0.0
20210131,SEG02,1-30,5650489.61,0.01,56504.9
20210131,SEG02,31-60,3169221.93,0.03,95076.66
20210131,SEG02,61-90,1933209.71,0.1,193320.97
20210131,SEG02,90+,1260357.11,0.3,378107.13
20210131,SEG03,Current,6781075.98,0.0,0.0
20210131,SEG03,1-30,4370432.63,0.01,43704.33
20210131,SEG03,31-60,2330527.12,0.03,69915.81
20210131,SEG03,61-90,1431531.55,0.1,143153.15
20210131,SEG03,90+,985362.73,0.3,295608.82
20210131,SEG04,Current,2353598.72,0.0,0.0
20210131,SEG04,1-30,1398378.07,0.01,13983.78
20210131,SEG04,31-60,783568.86,0.03,23507.07
20210131,SEG04,61-90,471635.16,0.1,47163.52
20210131,SEG04,90+,327206.74,0.3,98162.02
20210228,SEG01,Current,16718677.15,0.0,0.0
20210228,SEG01,1-30,10496792.49,0.01,104967.92
20210228,SEG01,31-60,5657164.17,0.03,169714.93
20210228,SEG01,61-90,3350827.47,0.1,335082.75
20210228,SEG01,90+,2326390.73,0.3,697917.22
20210228,SEG02,Current,9545061.67,0.0,0.0
20210228,SEG02,1-30,5960775.31,0.01,59607.75
20210228,SEG02,31-60,3385665.19,0.03,101569.96
20210228,SEG02,61-90,1991934.18,0.1,199193.42
20210228,SEG02,90+,1276943.62,0.3,383083.09
20210228,SEG03,Current,7206986.71,0.0,0.0
20210228,SEG03,1-30,4387369.57,0.01,43873.7
20210228,SEG03,31-60,2491311.02,0.03,74739.33
20210228,SEG03,61-90,1519259.23,0.1,151925.92
20210228,SEG03,90+,965196.01,0.3,289558.8
20210228,SEG04,Current,2303077.96,0.0,0.0
20210228,SEG04,1-30,1445373.31,0.01,14453.73
20210228,SEG04,31-60,825001.19,0.03,24750.04
20210228,SEG04,61-90,486685.25,0.1,48668.53
20210228,SEG04,90+,331019.03,0.3,99305.71
20210331,SEG01,Current,17248514.96,0.0,0.0
20210331,SEG01,1-30,10500746.75,0.01,105007.47
20210331,SEG01,31-60,5987212.37,0.03,179616.37
20210331,SEG01,61-90,3513160.63,0.1,351316.06
20210331,SEG01,90+,2374115.27,0.3,712234.58
20210331,SEG02,Current,10061705.16,0.0,0.0
20210331,SEG02,1-30,6295894.67,0.01,62958.95
20210331,SEG02,31-60,3342741.61,0.03,100282.25
20210331,SEG02,61-90,2046510.09,0.1,204651.01
20210331,SEG02,90+,1352259.74,0.3,405677.92
20210331,SEG03,Current,7147663.38,0.0,0.0
20210331,SEG03,1-30,4701108.94,0.01,47011.09
20210331,SEG03,31-60,2591064.12,0.03,77731.92
20210331,SEG03,61-90,1519929.9,0.1,151992.99
20210331,SEG03,90+,1042847.42,0.3,312854.23
20210331,SEG04,Current,2463317.83,0.0,0.0
20210331,SEG04,1-30,1535262.92,0.01,15352.63
20210331,SEG04,31-60,831438.41,0.03,24943.15
20210331,SEG04,61-90,500885.29,0.1,50088.53
20210331,SEG04,90+,350532.68,0.3,105159.8
20210430,SEG01,Current,18136404.68,0.0,0.0
20210430,SEG01,1-30,11148923.77,0.01,111489.24
20210430,SEG01,31-60,6300956.6,0.03,189028.7
20210430,SEG01,61-90,3724517.67,0.1,372451.77
20210430,SEG01,90+,2418611.03,0.3,725583.31
20210430,SEG02,Current,9987370.15,0.0,0.0
20210430,SEG02,1-30,6340729.1,0.01,63407.29
20210430,SEG02,31-60,3648934.22,0.03,109468.03
20210430,SEG02,61-90,2176164.68,0.1,217616.47
20210430,SEG02,90+,1456299.81,0.3,436889.94
20210430,SEG03,Current,7845182.45,0.0,0.0
20210430,SEG03,1-30,4727206.29,0.01,47272.06
20210430,SEG03,31-60,2632552.56,0.03,78976.58
20210430,SEG03,61-90,1565412.9,0.1,156541.29
20210430,SEG03,90+,1087055.63,0.3,326116.69
20210430,SEG04,Current,2612794.47,0.0,0.0
20210430,SEG04,1-30,1594623.08,0.01,15946.23
20210430,SEG04,31-60,897356.14,0.03,26920.68
20210430,SEG04,61-90,523464.37,0.1,52346.44
20210430,SEG04,90+,365554.11,0.3,109666.23
20210531,SEG01,Current,18604095.36,0.0,0.0
20210531,SEG01,1-30,11758187.23,0.01,117581.87
20210531,SEG01,31-60,6469287.16,0.03,194078.61
20210531,SEG01,61-90,3897723.83,0.1,389772.38
20210531,SEG01,90+,2467914.34,0.3,740374.3
20210531,SEG02,Current,10652440.18,0.0,0.0
20210531,SEG02,1-30,6528725.55,0.01,65287.26
20210531,SEG02,31-60,3758671.29,0.03,112760.14
20210531,SEG02,61-90,2238242.64,0.1,223824.26
20210531,SEG02,90+,1497598.69,0.3,449279.61
20210531,SEG03,Current,8024393.68,0.0,0.0
20210531,SEG03,1-30,4877140.7,0.01,48771.41
20210531,SEG03,31-60,2795353.1,0.03,83860.59
20210531,SEG03,61-90,1610012.86,0.1,161001.29
20210531,SEG03,90+,1123733.4,0.3,337120.02
20210531,SEG04,Current,2682335.72,0.0,0.0
20210531,SEG04,1-30,1621323.98,0.01,16213.24
20210531,SEG04,31-60,933389.85,0.03,28001.7
20210531,SEG04,61-90,548285.23,0.1,54828.52
20210531,SEG04,90+,362113.53,0.3,108634.06
20210630,SEG01,Current,18714159.19,0.0,0.0
20210630,SEG01,1-30,11357431.68,0.01,113574.32
20210630,SEG01,31-60,6231197.02,0.03,186935.91
20210630,SEG01,61-90,3777851.64,0.1,377785.16
20210630,SEG01,90+,2539371.17,0.3,761811.35
20210630,SEG02,Current,10840554.8,0.0,0.0
20210630,SEG02,1-30,6847841.05,0.01,68478.41
20210630,SEG02,31-60,3651644.14,0.03,109549.32
20210630,SEG02,61-90,2239261.37,0.1,223926.14
20210630,SEG02,90+,1471364.79,0.3,441409.44
20210630,SEG03,Current,8186173.54,0.0,0.0
20210630,SEG03,1-30,5006784.0,0.01,50067.84
20210630,SEG03,31-60,2848662.2,0.03,85459.87
20210630,SEG03,61-90,1626874.88,0.1,162687.49
20210630,SEG03,90+,1141540.75,0.3,342462.22
20210630,SEG04,Current,2601010.01,0.0,0.0
20210630,SEG04,1-30,1711525.14,0.01,17115.25
20210630,SEG04,31-60,912152.84,0.03,27364.59
20210630,SEG04,61-90,542060.51,0.1,54206.05
20210630,SEG04,90+,368615.8,0.3,110584.74
20210731,SEG01,Current,20626701.37,0.0,0.0
20210731,SEG01,1-30,12633617.47,0.01,126336.17
20210731,SEG01,31-60,7143260.19,0.03,214297.81
20210731,SEG01,61-90,4261735.6,0.1,426173.56
20210731,SEG01,90+,2819653.85,0.3,845896.16
20210731,SEG02,Current,11792990.2,0.0,0.0
20210731,SEG02,1-30,7262552.01,0.01,72625.52
20210731,SEG02,31-60,4146314.78,0.03,124389.44
20210731,SEG02,61-90,2383548.66,0.1,238354.87
20210731,SEG02,90+,1679832.1,0.3,503949.63
20210731,SEG03,Current,8824597.01,0.0,0.0
20210731,SEG03,1-30,5601055.76,0.01,56010.56
20210731,SEG03,31-60,3115847.55,0.03,93475.43
20210731,SEG03,61-90,1861622.83,0.1,186162.28
20210731,SEG03,90+,1218496.54,0.3,365548.96
20210731,SEG04,Current,2859040.03,0.0,0.0
20210731,SEG04,1-30,1860916.23,0.01,18609.16
20210731,SEG04,31-60,1013324.0,0.03,30399.72
20210731,SEG04,61-90,607394.24,0.1,60739.42
20210731,SEG04,90+,418052.37,0.3,125415.71
20210831,SEG01,Current,20051405.65,0.0,0.0
20210831,SEG01,1-30,12277691.44,0.01,122776.91
20210831,SEG01,31-60,6824652.08,0.03,204739.56
20210831,SEG01,61-90,4119422.76,0.1,411942.28
20210831,SEG01,90+,2745288.95,0.3,823586.69
20210831,SEG02,Current,11277587.68,0.0,0.0
20210831,SEG02,1-30,7008852.66,0.01,70088.53
20210831,SEG02,31-60,3963863.86,0.03,118915.92
20210831,SEG02,61-90,2452865.88,0.1,245286.59
20210831,SEG02,90+,1610099.65,0.3,483029.89
20210831,SEG03,Current,8770139.06,0.0,0.0
20210831,SEG03,1-30,5414147.85,0.01,54141.48
20210831,SEG03,31-60,2951480.62,0.03,88544.42
20210831,SEG03,61-90,1797448.8,0.1,179744.88
20210831,SEG03,90+,1159045.73,0.3,347713.72
20210831,SEG04,Current,2817899.82,0.0,0.0
20210831,SEG04,1-30,1784754.09,0.01,17847.54
20210831,SEG04,31-60,1000497.29,0.03,30014.92
20210831,SEG04,61-90,602976.81,0.1,60297.68
20210831,SEG04,90+,397450.81,0.3,119235.24
20210930,SEG01,Current,18963252.18,0.0,0.0
20210930,SEG01,1-30,11743372.52,0.01,117433.73
20210930,SEG01,31-60,6627445.39,0.03,198823.36
20210930,SEG01,61-90,4078746.18,0.1,407874.62
20210930,SEG01,90+,2702411.18,0.3,810723.35
20210930,SEG02,Current,10760861.16,0.0,0.0
20210930,SEG02,1-30,6721706.34,0.01,67217.06
20210930,SEG02,31-60,3833238.08,0.03,114997.14
20210930,SEG02,61-90,2316140.89,0.1,231614.09
20210930,SEG02,90+,1516726.74,0.3,455018.02
20210930,SEG03,Current,8391138.77,0.0,0.0
20210930,SEG03,1-30,5247982.35,0.01,52479.82
20210930,SEG03,31-60,2902044.53,0.03,87061.34
20210930,SEG03,61-90,1694886.79,0.1,169488.68
20210930,SEG03,90+,1128165.96,0.3,338449.79
20210930,SEG04,Current,2666293.38,0.0,0.0
20210930,SEG04,1-30,1696975.7,0.01,16969.76
20210930,SEG04,31-60,955993.57,0.03,28679.81
20210930,SEG04,61-90,586507.6,0.1,58650.76
20210930,SEG04,90+,373153.14,0.3,111945.94
20211031,SEG01,Current,18174339.89,0.0,0.0
20211031,SEG01,1-30,11559989.83,0.01,115599.9
20211031,SEG01,31-60,6255765.48,0.03,187672.96
20211031,SEG01,61-90,3868606.34,0.1,386860.63
20211031,SEG01,90+,2548180.03,0.3,764454.01
20211031,SEG02,Current,10377406.51,0.0,0.0
20211031,SEG02,1-30,6679664.71,0.01,66796.65
20211031,SEG02,31-60,3567428.13,0.03,107022.84
20211031,SEG02,61-90,2239116.15,0.1,223911.61
20211031,SEG02,90+,1494427.8,0.3,448328.34
20211031,SEG03,Current,7717891.75,0.0,0.0
20211031,SEG03,1-30,4940983.8,0.01,49409.84
20211031,SEG03,31-60,2703752.88,0.03,81112.59
20211031,SEG03,61-90,1699885.23,0.1,169988.52
20211031,SEG03,90+,1104138.39,0.3,331241.52
20211031,SEG04,Current,2563719.25,0.0,0.0
20211031,SEG04,1-30,1629529.04,0.01,16295.29
20211031,SEG04,31-60,938334.88,0.03,28150.05
20211031,SEG04,61-90,550034.39,0.1,55003.44
20211031,SEG04,90+,374298.95,0.3,112289.68
20211130,SEG01,Current,17888980.85,0.0,0.0
20211130,SEG01,1-30,11446345.24,0.01,114463.45
20211130,SEG01,31-60,6213605.75,0.03,186408.17
20211130,SEG01,61-90,3807029.33,0.1,380702.93
20211130,SEG01,90+,2529328.48,0.3,758798.54
20211130,SEG02,Current,10286892.77,0.0,0.0
20211130,SEG02,1-30,6500255.82,0.01,65002.56
20211130,SEG02,31-60,3565380.83,0.03,106961.42
20211130,SEG02,61-90,2181033.0,0.1,218103.3
20211130,SEG02,90+,1429838.77,0.3,428951.63
20211130,SEG03,Current,7846008.98,0.0,0.0
20211130,SEG03,1-30,4882231.12,0.01,48822.31
20211130,SEG03,31-60,2669207.1,0.03,80076.21
20211130,SEG03,61-90,1580786.69,0.1,158078.67
20211130,SEG03,90+,1053090.98,0.3,315927.29
20211130,SEG04,Current,2575556.28,0.0,0.0
20211130,SEG04,1-30,1629542.83,0.01,16295.43
20211130,SEG04,31-60,892228.54,0.03,26766.86
20211130,SEG04,61-90,538719.84,0.1,53871.98
20211130,SEG04,90+,351615.4,0.3,105484.62
20211231,SEG01,Current,17063129.71,0.0,0.0
20211231,SEG01,1-30,10851408.98,0.01,108514.09
20211231,SEG01,31-60,6023425.82,0.03,180702.77
20211231,SEG01,61-90,3624607.3,0.1,362460.73
20211231,SEG01,90+,2448715.1,0.3,734614.53
20211231,SEG02,Current,9881013.66,0.0,0.0
20211231,SEG02,1-30,6239702.72,0.01,62397.03
20211231,SEG02,31-60,3564313.25,0.03,106929.4
20211231,SEG02,61-90,2140169.55,0.1,214016.95
20211231,SEG02,90+,1372476.41,0.3,411742.92
20211231,SEG03,Current,7533125.11,0.0,0.0
20211231,SEG03,1-30,4768632.6,0.01,47686.33
20211231,SEG03,31-60,2629130.46,0.03,78873.91
20211231,SEG03,61-90,1557601.95,0.1,155760.2
20211231,SEG03,90+,1051929.28,0.3,315578.78
20211231,SEG04,Current,2586374.64,0.0,0.0
20211231,SEG04,1-30,1593489.05,0.01,15934.89
20211231,SEG04,31-60,891161.45,0.03,26734.84
20211231,SEG04,61-90,539808.78,0.1,53980.88
20211231,SEG04,90+,357945.89,0.3,107383.77
20220131,SEG01,Current,17583790.06,0.0,0.0
20220131,SEG01,1-30,10791110.13,0.01,107911.1
20220131,SEG01,31-60,6123270.19,0.03,183698.11
20220131,SEG01,61-90,3763310.25,0.1,376331.03
20220131,SEG01,90+,2523697.2,0.3,757109.16
20220131,SEG02,Current,10495813.46,0.0,0.0
20220131,SEG02,1-30,6384673.32,0.01,63846.73
20220131,SEG02,31-60,3617293.05,0.03,108518.79
20220131,SEG02,61-90,2144534.94,0.1,214453.49
20220131,SEG02,90+,1434576.29,0.3,430372.89
20220131,SEG03,Current,7534874.83,0.0,0.0
20220131,SEG03,1-30,4730877.96,0.01,47308.78
20220131,SEG03,31-60,2662977.56,0.03,79889.33
20220131,SEG03,61-90,1558635.97,0.1,155863.6
20220131,SEG03,90+,1058794.01,0.3,317638.2
20220131,SEG04,Current,2581913.88,0.0,0.0
20220131,SEG04,1-30,1594753.19,0.01,15947.53
20220131,SEG04,31-60,873181.23,0.03,26195.44
20220131,SEG04,61-90,533607.75,0.1,53360.78
20220131,SEG04,90+,348472.29,0.3,104541.69
20220228,SEG01,Current,15451477.68,0.0,0.0
20220228,SEG01,1-30,10645435.31,0.01,106454.35
20220228,SEG01,31-60,7402976.82,0.03,222089.3
20220228,SEG01,61-90,5719339.73,0.12,686320.77
20220228,SEG01,90+,4258209.78,0.38,1618119.72
20220228,SEG02,Current,8925194.92,0.0,0.0
20220228,SEG02,1-30,6182835.39,0.01,61828.35
20220228,SEG02,31-60,4288402.15,0.03,128652.06
20220228,SEG02,61-90,3198229.29,0.12,383787.51
20220228,SEG02,90+,2510059.57,0.38,953822.64
20220228,SEG03,Current,6522226.49,0.0,0.0
20220228,SEG03,1-30,4691497.15,0.01,46914.97
20220228,SEG03,31-60,3274237.73,0.03,98227.13
20220228,SEG03,61-90,2447311.39,0.12,293677.37
20220228,SEG03,90+,1924973.17,0.38,731489.8
20220228,SEG04,Current,2256409.96,0.0,0.0
20220228,SEG04,1-30,1556761.63,0.01,15567.62
20220228,SEG04,31-60,1047613.74,0.03,31428.41
20220228,SEG04,61-90,798033.77,0.12,95764.05
20220228,SEG04,90+,633595.01,0.38,240766.1
20220331,SEG01,Current,16457337.47,0.0,0.0
20220331,SEG01,1-30,11310173.26,0.01,113101.73
20220331,SEG01,31-60,7830697.48,0.03,234920.92
20220331,SEG01,61-90,6034858.97,0.12,724183.08
20220331,SEG01,90+,4606733.78,0.38,1750558.84
20220331,SEG02,Current,9358738.21,0.0,0.0
20220331,SEG02,1-30,6761999.74,0.01,67620.0
20220331,SEG02,31-60,4396610.5,0.03,131898.32
20220331,SEG02,61-90,3325345.47,0.12,399041.46
20220331,SEG02,90+,2578817.72,0.38,979950.73
20220331,SEG03,Current,6758544.37,0.0,0.0
20220331,SEG03,1-30,4988491.38,0.01,49884.91
20220331,SEG03,31-60,3370919.96,0.03,101127.6
20220331,SEG03,61-90,2524451.81,0.12,302934.22
20220331,SEG03,90+,1998952.84,0.38,759602.08
20220331,SEG04,Current,2341435.75,0.0,0.0
20220331,SEG04,1-30,1613282.74,0.01,16132.83
20220331,SEG04,31-60,1126546.56,0.03,33796.4
20220331,SEG04,61-90,868701.75,0.12,104244.21
20220331,SEG04,90+,643209.14,0.38,244419.47
20220430,SEG01,Current,16935560.28,0.0,0.0
20220430,SEG01,1-30,12200391.67,0.01,122003.92
20220430,SEG01,31-60,7881427.52,0.03,236442.83
20220430,SEG01,61-90,5996451.57,0.12,719574.19
20220430,SEG01,90+,4694206.27,0.38,1783798.38
20220430,SEG02,Current,9688862.11,0.0,0.0
20220430,SEG02,1-30,7035997.18,0.01,70359.97
20220430,SEG02,31-60,4627596.47,0.03,138827.89
20220430,SEG02,61-90,3606767.85,0.12,432812.14
20220430,SEG02,90+,2669416.72,0.38,1014378.35
20220430,SEG03,Current,7272370.13,0.0,0.0
20220430,SEG03,1-30,5175022.09,0.01,51750.22
20220430,SEG03,31-60,3408934.44,0.03,102268.03
20220430,SEG03,61-90,2714284.11,0.12,325714.09
20220430,SEG03,90+,2097501.97,0.38,797050.75
20220430,SEG04,Current,2411151.97,0.0,0.0
20220430,SEG04,1-30,1673013.7,0.01,16730.14
20220430,SEG04,31-60,1197912.6,0.03,35937.38
20220430,SEG04,61-90,905303.75,0.12,108636.45
20220430,SEG04,90+,678497.14,0.38,257828.91
20220531,SEG01,Current,17011657.39,0.0,0.0
20220531,SEG01,1-30,12108856.44,0.01,121088.56
20220531,SEG01,31-60,8301434.1,0.03,249043.02
20220531,SEG01,61-90,6285434.17,0.12,754252.1
20220531,SEG01,90+,4983836.86,0.38,1893858.01
20220531,SEG02,Current,10047404.04,0.0,0.0
20220531,SEG02,1-30,6873920.39,0.01,68739.2
20220531,SEG02,31-60,4919939.99,0.03,147598.2
20220531,SEG02,61-90,3690871.36,0.12,442904.56
20220531,SEG02,90+,2871764.31,0.38,1091270.44
20220531,SEG03,Current,7484534.34,0.0,0.0
20220531,SEG03,1-30,5259976.13,0.01,52599.76
20220531,SEG03,31-60,3641051.56,0.03,109231.55
20220531,SEG03,61-90,2822502.33,0.12,338700.28
20220531,SEG03,90+,2083028.71,0.38,791550.91
20220531,SEG04,Current,2509761.62,0.0,0.0
20220531,SEG04,1-30,1764169.85,0.01,17641.7
20220531,SEG04,31-60,1195709.06,0.03,35871.27
20220531,SEG04,61-90,911733.99,0.12,109408.08
20220531,SEG04,90+,713814.7,0.38,271249.59
20220630,SEG01,Current,17016531.42,0.0,0.0
20220630,SEG01,1-30,12586061.93,0.01,125860.62
20220630,SEG01,31-60,8547970.22,0.03,256439.11
20220630,SEG01,61-90,6250537.1,0.12,750064.45
20220630,SEG01,90+,5043275.21,0.38,1916444.58
20220630,SEG02,Current,9802575.8,0.0,0.0
20220630,SEG02,1-30,7096067.25,0.01,70960.67
20220630,SEG02,31-60,4867575.97,0.03,146027.28
20220630,SEG02,61-90,3670936.71,0.12,440512.41
20220630,SEG02,90+,2764014.64,0.38,1050325.56
20220630,SEG03,Current,7623908.43,0.0,0.0
20220630,SEG03,1-30,5231532.31,0.01,52315.32
20220630,SEG03,31-60,3564030.91,0.03,106920.93
20220630,SEG03,61-90,2822898.15,0.12,338747.78
20220630,SEG03,90+,2112900.83,0.38,802902.32
20220630,SEG04,Current,2545688.31,0.0,0.0
20220630,SEG04,1-30,1799240.89,0.01,17992.41
20220630,SEG04,31-60,1192663.23,0.03,35779.9
20220630,SEG04,61-90,897275.91,0.12,107673.11
20220630,SEG04,90+,730229.87,0.38,277487.35
20220731,SEG01,Current,16660287.34,0.0,0.0
20220731,SEG01,1-30,12364769.27,0.01,123647.69
20220731,SEG01,31-60,8292778.99,0.03,248783.37
20220731,SEG01,61-90,6444182.9,0.12,773301.95
20220731,SEG01,90+,4937277.7,0.38,1876165.53
20220731,SEG02,Current,9943063.36,0.0,0.0
20220731,SEG02,1-30,7036676.51,0.01,70366.77
20220731,SEG02,31-60,4871722.95,0.03,146151.69
20220731,SEG02,61-90,3571695.97,0.12,428603.52
20220731,SEG02,90+,2769178.78,0.38,1052287.94
20220731,SEG03,Current,7477649.71,0.0,0.0
20220731,SEG03,1-30,5219016.65,0.01,52190.17
20220731,SEG03,31-60,3608252.89,0.03,108247.59
20220731,SEG03,61-90,2741410.71,0.12,328969.29
20220731,SEG03,90+,2116084.9,0.38,804112.26
20220731,SEG04,Current,2453179.48,0.0,0.0
20220731,SEG04,1-30,1786111.3,0.01,17861.11
20220731,SEG04,31-60,1184742.67,0.03,35542.28
20220731,SEG04,61-90,926412.05,0.12,111169.45
20220731,SEG04,90+,694378.14,0.38,263863.69
20220831,SEG01,Current,16369348.08,0.0,0.0
20220831,SEG01,1-30,11599277.35,0.01,115992.77
20220831,SEG01,31-60,7922341.58,0.03,237670.25
20220831,SEG01,61-90,6031216.44,0.12,723745.97
20220831,SEG01,90+,4757989.77,0.38,1808036.11
20220831,SEG02,Current,9737664.35,0.0,0.0
20220831,SEG02,1-30,6718389.09,0.01,67183.89
20220831,SEG02,31-60,4577231.22,0.03,137316.94
20220831,SEG02,61-90,3557454.03,0.12,426894.48
20220831,SEG02,90+,2776009.65,0.38,1054883.67
20220831,SEG03,Current,7395749.7,0.0,0.0
20220831,SEG03,1-30,5143404.32,0.01,51434.04
20220831,SEG03,31-60,3446881.8,0.03,103406.45
20220831,SEG03,61-90,2606611.86,0.12,312793.42
20220831,SEG03,90+,2016622.09,0.38,766316.39
20220831,SEG04,Current,2357523.83,0.0,0.0
20220831,SEG04,1-30,1679010.94,0.01,16790.11
20220831,SEG04,31-60,1130182.2,0.03,33905.47
20220831,SEG04,61-90,892030.74,0.12,107043.69
20220831,SEG04,90+,675502.24,0.38,256690.85
20220930,SEG01,Current,16432782.77,0.0,0.0
20220930,SEG01,1-30,11449455.55,0.01,114494.56
20220930,SEG01,31-60,7852710.15,0.03,235581.3
20220930,SEG01,61-90,5801641.15,0.12,696196.94
20220930,SEG01,90+,4666091.87,0.38,1773114.91
20220930,SEG02,Current,9213080.12,0.0,0.0
20220930,SEG02,1-30,6731622.59,0.01,67316.23
20220930,SEG02,31-60,4497271.8,0.03,134918.15
20220930,SEG02,61-90,3417588.14,0.12,410110.58
20220930,SEG02,90+,2624342.58,0.38,997250.18
20220930,SEG03,Current,6782662.87,0.0,0.0
20220930,SEG03,1-30,4805355.57,0.01,48053.56
20220930,SEG03,31-60,3446897.57,0.03,103406.93
20220930,SEG03,61-90,2564474.89,0.12,307736.99
20220930,SEG03,90+,2013489.24,0.38,765125.91
20220930,SEG04,Current,2290801.88,0.0,0.0
20220930,SEG04,1-30,1604027.71,0.01,16040.28
20220930,SEG04,31-60,1128037.4,0.03,33841.12
20220930,SEG04,61-90,833042.95,0.12,99965.15
20220930,SEG04,90+,644578.61,0.38,244939.87
20221031,SEG01,Current,15396793.64,0.0,0.0
20221031,SEG01,1-30,10827444.6,0.01,108274.45
20221031,SEG01,31-60,7671143.83,0.03,230134.31
20221031,SEG01,61-90,5566899.6,0.12,668027.95
20221031,SEG01,90+,4452096.36,0.38,1691796.62
20221031,SEG02,Current,8905850.85,0.0,0.0
20221031,SEG02,1-30,6431266.37,0.01,64312.66
20221031,SEG02,31-60,4227535.59,0.03,126826.07
20221031,SEG02,61-90,3291371.65,0.12,394964.6
20221031,SEG02,90+,2520892.85,0.38,957939.28
20221031,SEG03,Current,6614240.19,0.0,0.0
20221031,SEG03,1-30,4843197.61,0.01,48431.98
20221031,SEG03,31-60,3318493.12,0.03,99554.79
20221031,SEG03,61-90,2436403.52,0.12,292368.42
20221031,SEG03,90+,1910070.25,0.38,725826.7
20221031,SEG04,Current,2226902.52,0.0,0.0
20221031,SEG04,1-30,1603014.07,0.01,16030.14
20221031,SEG04,31-60,1103428.02,0.03,33102.84
20221031,SEG04,61-90,807322.83,0.12,96878.74
20221031,SEG04,90+,621140.34,0.38,236033.33
20221130,SEG01,Current,15014233.72,0.0,0.0
20221130,SEG01,1-30,10403637.98,0.01,104036.38
20221130,SEG01,31-60,7081735.84,0.03,212452.08
20221130,SEG01,61-90,5382718.47,0.12,645926.22
20221130,SEG01,90+,4122098.29,0.38,1566397.35
20221130,SEG02,Current,8553995.43,0.0,0.0
20221130,SEG02,1-30,6162689.72,0.01,61626.9
20221130,SEG02,31-60,4114981.84,0.03,123449.46
20221130,SEG02,61-90,3135320.31,0.12,376238.44
20221130,SEG02,90+,2481716.83,0.38,943052.4
20221130,SEG03,Current,6512974.62,0.0,0.0
20221130,SEG03,1-30,4583470.36,0.01,45834.7
20221130,SEG03,31-60,3160518.97,0.03,94815.57
20221130,SEG03,61-90,2450785.24,0.12,294094.23
20221130,SEG03,90+,1870208.43,0.38,710679.2
20221130,SEG04,Current,2160962.62,0.0,0.0
20221130,SEG04,1-30,1546865.45,0.01,15468.65
20221130,SEG04,31-60,1068900.91,0.03,32067.03
20221130,SEG04,61-90,793087.14,0.12,95170.46
20221130,SEG04,90+,614458.13,0.38,233494.09
20221231,SEG01,Current,14830049.05,0.0,0.0
20221231,SEG01,1-30,10757179.68,0.01,107571.8
20221231,SEG01,31-60,7279847.9,0.03,218395.44
20221231,SEG01,61-90,5319534.76,0.12,638344.17
20221231,SEG01,90+,4115766.81,0.38,1563991.39
20221231,SEG02,Current,8382780.1,0.0,0.0
20221231,SEG02,1-30,6148110.55,0.01,61481.11
20221231,SEG02,31-60,4136289.6,0.03,124088.69
20221231,SEG02,61-90,3110012.85,0.12,373201.54
20221231,SEG02,90+,2368437.41,0.38,900006.22
20221231,SEG03,Current,6432511.5,0.0,0.0
20221231,SEG03,1-30,4597664.78,0.01,45976.65
20221231,SEG03,31-60,3171444.69,0.03,95143.34
20221231,SEG03,61-90,2362540.68,0.12,283504.88
20221231,SEG03,90+,1816610.95,0.38,690312.16
20221231,SEG04,Current,2066796.71,0.0,0.0
20221231,SEG04,1-30,1472595.99,0.01,14725.96
20221231,SEG04,31-60,1025596.45,0.03,30767.89
20221231,SEG04,61-90,779096.04,0.12,93491.52
20221231,SEG04,90+,596689.43,0.38,226741.98
20230131,SEG01,Current,14506444.39,0.0,0.0
20230131,SEG01,1-30,10916597.52,0.01,109165.98
20230131,SEG01,31-60,7368700.26,0.03,221061.01
20230131,SEG01,61-90,5548469.39,0.12,665816.33
20230131,SEG01,90+,4363802.92,0.38,1658245.11
20230131,SEG02,Current,8836638.7,0.0,0.0
20230131,SEG02,1-30,6191542.64,0.01,61915.43
20230131,SEG02,31-60,4109544.11,0.03,123286.32
20230131,SEG02,61-90,3098754.41,0.12,371850.53
20230131,SEG02,90+,2488969.62,0.38,945808.46
20230131,SEG03,Current,6423216.99,0.0,0.0
20230131,SEG03,1-30,4637928.68,0.01,46379.29
20230131,SEG03,31-60,3203403.16,0.03,96102.09
20230131,SEG03,61-90,2344322.1,0.12,281318.65
20230131,SEG03,90+,1847871.34,0.38,702191.11
20230131,SEG04,Current,2162214.37,0.0,0.0
20230131,SEG04,1-30,1531288.44,0.01,15312.88
20230131,SEG04,31-60,1016242.88,0.03,30487.29
20230131,SEG04,61-90,789398.04,0.12,94727.76
20230131,SEG04,90+,606690.5,0.38,230542.39
20230228,SEG01,Current,15495540.27,0.0,0.0
20230228,SEG01,1-30,11191568.01,0.01,111915.68
20230228,SEG01,31-60,7374270.64,0.03,221228.12
20230228,SEG01,61-90,5763533.35,0.12,691624.0
20230228,SEG01,90+,4326871.11,0.38,1644211.02
20230228,SEG02,Current,9085781.74,0.0,0.0
20230228,SEG02,1-30,6439923.05,0.01,64399.23
20230228,SEG02,31-60,4311199.76,0.03,129335.99
20230228,SEG02,61-90,3278010.98,0.12,393361.32
20230228,SEG02,90+,2500261.51,0.38,950099.37
20230228,SEG03,Current,6566673.56,0.0,0.0
20230228,SEG03,1-30,4874491.69,0.01,48744.92
20230228,SEG03,31-60,3205175.29,0.03,96155.26
20230228,SEG03,61-90,2467348.95,0.12,296081.87
20230228,SEG03,90+,1951837.23,0.38,741698.15
20230228,SEG04,Current,2233278.0,0.0,0.0
20230228,SEG04,1-30,1584288.51,0.01,15842.89
20230228,SEG04,31-60,1068976.71,0.03,32069.3
20230228,SEG04,61-90,806326.63,0.12,96759.2
20230228,SEG04,90+,626857.84,0.38,238205.98
20230331,SEG01,Current,16223931.54,0.0,0.0
20230331,SEG01,1-30,11498793.44,0.01,114987.93
20230331,SEG01,31-60,7881847.15,0.03,236455.41
20230331,SEG01,61-90,5829158.79,0.12,699499.05
20230331,SEG01,90+,4578648.42,0.38,1739886.4
20230331,SEG02,Current,9454665.46,0.0,0.0
20230331,SEG02,1-30,6559926.99,0.01,65599.27
20230331,SEG02,31-60,4530633.38,0.03,135919.0
20230331,SEG02,61-90,3346103.61,0.12,401532.43
20230331,SEG02,90+,2708519.03,0.38,1029237.23
20230331,SEG03,Current,6958755.42,0.0,0.0
20230331,SEG03,1-30,4861035.9,0.01,48610.36
20230331,SEG03,31-60,3289200.64,0.03,98676.02
20230331,SEG03,61-90,2575739.24,0.12,309088.71
20230331,SEG03,90+,1981505.27,0.38,752972.0
20230331,SEG04,Current,2248283.52,0.0,0.0
20230331,SEG04,1-30,1694711.83,0.01,16947.12
20230331,SEG04,31-60,1147076.38,0.03,34412.29
20230331,SEG04,61-90,853988.79,0.12,102478.65
20230331,SEG04,90+,643325.02,0.38,244463.51
20230430,SEG01,Current,16948364.17,0.0,0.0
20230430,SEG01,1-30,11868276.42,0.01,118682.76
20230430,SEG01,31-60,8176109.78,0.03,245283.29
20230430,SEG01,61-90,6175390.87,0.12,741046.9
20230430,SEG01,90+,4683229.7,0.38,1779627.29
20230430,SEG02,Current,9779386.9,0.0,0.0
20230430,SEG02,1-30,7045065.71,0.01,70450.66
20230430,SEG02,31-60,4584871.44,0.03,137546.14
20230430,SEG02,61-90,3571782.77,0.12,428613.93
20230430,SEG02,90+,2719967.83,0.38,1033587.78
20230430,SEG03,Current,7372134.9,0.0,0.0
20230430,SEG03,1-30,5138351.92,0.01,51383.52
20230430,SEG03,31-60,3571836.96,0.03,107155.11
20230430,SEG03,61-90,2728953.21,0.12,327474.39
20230430,SEG03,90+,2026745.37,0.38,770163.24
20230430,SEG04,Current,2438416.19,0.0,0.0
20230430,SEG04,1-30,1703200.7,0.01,17032.01
20230430,SEG04,31-60,1194448.47,0.03,35833.45
20230430,SEG04,61-90,890620.79,0.12,106874.49
20230430,SEG04,90+,697945.26,0.38,265219.2
20230531,SEG01,Current,16862464.65,0.0,0.0
20230531,SEG01,1-30,12056125.77,0.01,120561.26
20230531,SEG01,31-60,8341753.16,0.03,250252.59
20230531,SEG01,61-90,6535844.54,0.12,784301.34
20230531,SEG01,90+,4878416.48,0.38,1853798.26
20230531,SEG02,Current,9648952.47,0.0,0.0
20230531,SEG02,1-30,7056851.6,0.01,70568.52
20230531,SEG02,31-60,4743087.78,0.03,142292.63
20230531,SEG02,61-90,3672492.47,0.12,440699.1
20230531,SEG02,90+,2823560.07,0.38,1072952.83
20230531,SEG03,Current,7372774.46,0.0,0.0
20230531,SEG03,1-30,5223950.03,0.01,52239.5
20230531,SEG03,31-60,3523605.45,0.03,105708.16
20230531,SEG03,61-90,2778353.67,0.12,333402.44
20230531,SEG03,90+,2121265.08,0.38,806080.73
20230531,SEG04,Current,2424800.63,0.0,0.0
20230531,SEG04,1-30,1789238.26,0.01,17892.38
20230531,SEG04,31-60,1164121.81,0.03,34923.65
20230531,SEG04,61-90,928710.31,0.12,111445.24
20230531,SEG04,90+,712724.9,0.38,270835.46
20230630,SEG01,Current,17578756.49,0.0,0.0
20230630,SEG01,1-30,12241698.74,0.01,122416.99
20230630,SEG01,31-60,8463964.91,0.03,253918.95
20230630,SEG01,61-90,6532843.77,0.12,783941.25
20230630,SEG01,90+,5072616.97,0.38,1927594.45
20230630,SEG02,Current,9952784.64,0.0,0.0
20230630,SEG02,1-30,6913586.32,0.01,69135.86
20230630,SEG02,31-60,4836229.74,0.03,145086.89
20230630,SEG02,61-90,3717793.07,0.12,446135.17
20230630,SEG02,90+,2907545.64,0.38,1104867.34
20230630,SEG03,Current,7634318.86,0.0,0.0
20230630,SEG03,1-30,5314241.7,0.01,53142.42
20230630,SEG03,31-60,3632320.72,0.03,108969.62
20230630,SEG03,61-90,2766171.57,0.12,331940.59
20230630,SEG03,90+,2161810.37,0.38,821487.94
20230630,SEG04,Current,2475450.53,0.0,0.0
20230630,SEG04,1-30,1794291.29,0.01,17942.91
20230630,SEG04,31-60,1183820.87,0.03,35514.63
20230630,SEG04,61-90,922753.99,0.12,110730.48
20230630,SEG04,90+,731131.89,0.38,277830.12
20230731,SEG01,Current,16919585.79,0.0,0.0
20230731,SEG01,1-30,12344728.43,0.01,123447.28
20230731,SEG01,31-60,8373071.04,0.03,251192.13
20230731,SEG01,61-90,6479821.64,0.12,777578.6
20230731,SEG01,90+,4984646.9,0.38,1894165.82
20230731,SEG02,Current,10069292.75,0.0,0.0
20230731,SEG02,1-30,6989865.86,0.01,69898.66
20230731,SEG02,31-60,4734911.71,0.03,142047.35
20230731,SEG02,61-90,3709132.64,0.12,445095.92
20230731,SEG02,90+,2860053.53,0.38,1086820.34
20230731,SEG03,Current,7557753.89,0.0,0.0
20230731,SEG03,1-30,5133376.68,0.01,51333.77
20230731,SEG03,31-60,3497702.64,0.03,104931.08
20230731,SEG03,61-90,2767424.65,0.12,332090.96
20230731,SEG03,90+,2165510.5,0.38,822893.99
20230731,SEG04,Current,2537739.09,0.0,0.0
20230731,SEG04,1-30,1786199.05,0.01,17861.99
20230731,SEG04,31-60,1192152.41,0.03,35764.57
20230731,SEG04,61-90,893219.98,0.12,107186.4
20230731,SEG04,90+,709705.34,0.38,269688.03
20230831,SEG01,Current,16988680.23,0.0,0.0
20230831,SEG01,1-30,11829323.11,0.01,118293.23
20230831,SEG01,31-60,8165164.17,0.03,244954.93
20230831,SEG01,61-90,6321503.88,0.12,758580.47
20230831,SEG01,90+,4618441.42,0.38,1755007.74
20230831,SEG02,Current,9757194.98,0.0,0.0
20230831,SEG02,1-30,6762852.05,0.01,67628.52
20230831,SEG02,31-60,4621502.08,0.03,138645.06
20230831,SEG02,61-90,3485106.06,0.12,418212.73
20230831,SEG02,90+,2744222.06,0.38,1042804.38
20230831,SEG03,Current,7218579.41,0.0,0.0
20230831,SEG03,1-30,5225952.01,0.01,52259.52
20230831,SEG03,31-60,3423200.49,0.03,102696.01
20230831,SEG03,61-90,2603157.5,0.12,312378.9
20230831,SEG03,90+,2100034.5,0.38,798013.11
20230831,SEG04,Current,2413927.18,0.0,0.0
20230831,SEG04,1-30,1685316.51,0.01,16853.17
20230831,SEG04,31-60,1192952.39,0.03,35788.57
20230831,SEG04,61-90,871145.54,0.12,104537.46
20230831,SEG04,90+,683178.79,0.38,259607.94
20230930,SEG01,Current,15742225.1,0.0,0.0
20230930,SEG01,1-30,11245370.51,0.01,112453.71
20230930,SEG01,31-60,7532335.72,0.03,225970.07
20230930,SEG01,61-90,6043191.33,0.12,725182.96
20230930,SEG01,90+,4675061.94,0.38,1776523.54
20230930,SEG02,Current,9316359.36,0.0,0.0
20230930,SEG02,1-30,6449253.99,0.01,64492.54
20230930,SEG02,31-60,4461721.14,0.03,133851.63
20230930,SEG02,61-90,3392149.16,0.12,407057.9
20230930,SEG02,90+,2647588.52,0.38,1006083.64
20230930,SEG03,Current,6971227.69,0.0,0.0
20230930,SEG03,1-30,4915854.23,0.01,49158.54
20230930,SEG03,31-60,3307680.57,0.03,99230.42
20230930,SEG03,61-90,2621108.74,0.12,314533.05
20230930,SEG03,90+,1939664.07,0.38,737072.35
20230930,SEG04,Current,2288587.57,0.0,0.0
20230930,SEG04,1-30,1644435.28,0.01,16444.35
20230930,SEG04,31-60,1101694.32,0.03,33050.83
20230930,SEG04,61-90,859662.56,0.12,103159.51
20230930,SEG04,90+,661393.04,0.38,251329.36
20231031,SEG01,Current,15792403.01,0.0,0.0
20231031,SEG01,1-30,10821787.97,0.01,108217.88
20231031,SEG01,31-60,7664003.28,0.03,229920.1
20231031,SEG01,61-90,5751417.23,0.12,690170.07
20231031,SEG01,90+,4323258.8,0.38,1642838.34
20231031,SEG02,Current,8884405.93,0.0,0.0
20231031,SEG02,1-30,6391466.32,0.01,63914.66
20231031,SEG02,31-60,4361379.31,0.03,130841.38
20231031,SEG02,61-90,3197984.67,0.12,383758.16
20231031,SEG02,90+,2544542.29,0.38,966926.07
20231031,SEG03,Current,6635746.73,0.0,0.0
20231031,SEG03,1-30,4855709.95,0.01,48557.1
20231031,SEG03,31-60,3182355.12,0.03,95470.65
20231031,SEG03,61-90,2509394.82,0.12,301127.38
20231031,SEG03,90+,1908481.64,0.38,725223.02
20231031,SEG04,Current,2192746.94,0.0,0.0
20231031,SEG04,1-30,1593203.42,0.01,15932.03
20231031,SEG04,31-60,1082364.36,0.03,32470.93
20231031,SEG04,61-90,830494.46,0.12,99659.34
20231031,SEG04,90+,640478.93,0.38,243381.99
20231130,SEG01,Current,15013121.42,0.0,0.0
20231130,SEG01,1-30,10837839.81,0.01,108378.4
20231130,SEG01,31-60,7278681.43,0.03,218360.44
20231130,SEG01,61-90,5657240.6,0.12,678868.87
20231130,SEG01,90+,4286189.69,0.38,1628752.08
20231130,SEG02,Current,8481119.24,0.0,0.0
20231130,SEG02,1-30,6106437.29,0.01,61064.37
20231130,SEG02,31-60,4187069.23,0.03,125612.08
20231130,SEG02,61-90,3231089.1,0.12,387730.69
20231130,SEG02,90+,2390996.61,0.38,908578.71
20231130,SEG03,Current,6355502.91,0.0,0.0
20231130,SEG03,1-30,4664394.6,0.01,46643.95
20231130,SEG03,31-60,3064555.14,0.03,91936.65
20231130,SEG03,61-90,2337248.28,0.12,280469.79
20231130,SEG03,90+,1842805.81,0.38,700266.21
20231130,SEG04,Current,2205545.63,0.0,0.0
20231130,SEG04,1-30,1534885.07,0.01,15348.85
20231130,SEG04,31-60,1067639.42,0.03,32029.18
20231130,SEG04,61-90,812462.06,0.12,97495.45
20231130,SEG04,90+,603883.6,0.38,229475.77
20231231,SEG01,Current,14986209.9,0.0,0.0
20231231,SEG01,1-30,10488447.59,0.01,104884.48
20231231,SEG01,31-60,7271218.88,0.03,218136.57
20231231,SEG01,61-90,5540711.28,0.12,664885.35
20231231,SEG01,90+,4159310.03,0.38,1580537.81
20231231,SEG02,Current,8284857.76,0.0,0.0
20231231,SEG02,1-30,6225867.04,0.01,62258.67
20231231,SEG02,31-60,4030397.7,0.03,120911.93
20231231,SEG02,61-90,3238132.56,0.12,388575.91
20231231,SEG02,90+,2475408.32,0.38,940655.16
20231231,SEG03,Current,6446074.16,0.0,0.0
20231231,SEG03,1-30,4674047.71,0.01,46740.48
20231231,SEG03,31-60,3176003.42,0.03,95280.1
20231231,SEG03,61-90,2405648.57,0.12,288677.83
20231231,SEG03,90+,1802651.98,0.38,685007.75
20231231,SEG04,Current,2157146.44,0.0,0.0
20231231,SEG04,1-30,1470238.77,0.01,14702.39
20231231,SEG04,31-60,1032055.97,0.03,30961.68
20231231,SEG04,61-90,785354.91,0.12,94242.59
20231231,SEG04,90+,612044.08,0.38,232576.75
20240131,SEG01,Current,18668703.92,0.0,0.0
20240131,SEG01,1-30,7819530.58,0.01,78195.31
20240131,SEG01,31-60,3634841.44,0.03,109045.24
20240131,SEG01,61-90,1663664.04,0.08,133093.12
20240131,SEG01,90+,949654.03,0.25,237413.51
20240131,SEG02,Current,9091268.18,0.0,0.0
20240131,SEG02,1-30,3779168.75,0.01,37791.69
20240131,SEG02,31-60,1824033.7,0.03,54721.01
20240131,SEG02,61-90,813408.63,0.08,65072.69
20240131,SEG02,90+,498368.78,0.25,124592.2
20240131,SEG03,Current,9084364.17,0.0,0.0
20240131,SEG03,1-30,3788082.92,0.01,37880.83
20240131,SEG03,31-60,1817574.56,0.03,54527.24
20240131,SEG03,61-90,830329.29,0.08,66426.34
20240131,SEG03,90+,480482.46,0.25,120120.62
20240131,SEG04,Current,2296996.04,0.0,0.0
20240131,SEG04,1-30,951488.04,0.01,9514.88
20240131,SEG04,31-60,457667.26,0.03,13730.02
20240131,SEG04,61-90,200227.46,0.08,16018.2
20240131,SEG04,90+,121509.61,0.25,30377.4
20240229,SEG01,Current,18598349.52,0.0,0.0
20240229,SEG01,1-30,8211293.45,0.01,82112.93
20240229,SEG01,31-60,3597645.29,0.03,107929.36
20240229,SEG01,61-90,1667189.99,0.08,133375.2
20240229,SEG01,90+,1013364.92,0.25,253341.23
20240229,SEG02,Current,9668508.05,0.0,0.0
20240229,SEG02,1-30,4119782.01,0.01,41197.82
20240229,SEG02,31-60,1830100.33,0.03,54903.01
20240229,SEG02,61-90,848071.05,0.08,67845.68
20240229,SEG02,90+,491155.52,0.25,122788.88
20240229,SEG03,Current,9480821.59,0.0,0.0
20240229,SEG03,1-30,3915882.48,0.01,39158.82
20240229,SEG03,31-60,1837848.54,0.03,55135.46
20240229,SEG03,61-90,831311.53,0.08,66504.92
20240229,SEG03,90+,515139.69,0.25,128784.92
20240229,SEG04,Current,2315577.38,0.0,0.0
20240229,SEG04,1-30,995311.69,0.01,9953.12
20240229,SEG04,31-60,458194.2,0.03,13745.83
20240229,SEG04,61-90,214629.42,0.08,17170.35
20240229,SEG04,90+,128062.15,0.25,32015.54
20240331,SEG01,Current,19375856.84,0.0,0.0
20240331,SEG01,1-30,8452328.31,0.01,84523.28
20240331,SEG01,31-60,3841521.72,0.03,115245.65
20240331,SEG01,61-90,1791429.77,0.08,143314.38
20240331,SEG01,90+,1036039.7,0.25,259009.92
20240331,SEG02,Current,9865882.68,0.0,0.0
20240331,SEG02,1-30,4101811.43,0.01,41018.11
20240331,SEG02,31-60,1872221.42,0.03,56166.64
20240331,SEG02,61-90,888932.99,0.08,71114.64
20240331,SEG02,90+,521030.53,0.25,130257.63
20240331,SEG03,Current,10023493.92,0.0,0.0
20240331,SEG03,1-30,4215136.08,0.01,42151.36
20240331,SEG03,31-60,1926815.86,0.03,57804.48
20240331,SEG03,61-90,845743.32,0.08,67659.47
20240331,SEG03,90+,531440.15,0.25,132860.04
20240331,SEG04,Current,2443455.36,0.0,0.0
20240331,SEG04,1-30,1021447.67,0.01,10214.48
20240331,SEG04,31-60,480768.13,0.03,14423.04
20240331,SEG04,61-90,212053.01,0.08,16964.24
20240331,SEG04,90+,132690.47,0.25,33172.62
20240430,SEG01,Current,20284440.76,0.0,0.0
20240430,SEG01,1-30,8545404.23,0.01,85454.04
20240430,SEG01,31-60,4072936.24,0.03,122188.09
20240430,SEG01,61-90,1792529.64,0.08,143402.37
20240430,SEG01,90+,1063715.91,0.25,265928.98
20240430,SEG02,Current,10571707.62,0.0,0.0
20240430,SEG02,1-30,4217120.01,0.01,42171.2
20240430,SEG02,31-60,2035118.64,0.03,61053.56
20240430,SEG02,61-90,886274.19,0.08,70901.94
20240430,SEG02,90+,531285.42,0.25,132821.36
20240430,SEG03,Current,10169163.04,0.0,0.0
20240430,SEG03,1-30,4261890.56,0.01,42618.91
20240430,SEG03,31-60,2011528.28,0.03,60345.85
20240430,SEG03,61-90,879813.36,0.08,70385.07
20240430,SEG03,90+,527532.02,0.25,131883.01
20240430,SEG04,Current,2625808.34,0.0,0.0
20240430,SEG04,1-30,1069608.68,0.01,10696.09
20240430,SEG04,31-60,492802.56,0.03,14784.08
20240430,SEG04,61-90,221970.06,0.08,17757.6
20240430,SEG04,90+,132188.95,0.25,33047.24
20240531,SEG01,Current,21536442.74,0.0,0.0
20240531,SEG01,1-30,8952332.05,0.01,89523.32
20240531,SEG01,31-60,4157125.86,0.03,124713.78
20240531,SEG01,61-90,1859500.64,0.08,148760.05
20240531,SEG01,90+,1135930.38,0.25,283982.59
20240531,SEG02,Current,10622712.24,0.0,0.0
20240531,SEG02,1-30,4364338.91,0.01,43643.39
20240531,SEG02,31-60,2048841.91,0.03,61465.26
20240531,SEG02,61-90,955960.31,0.08,76476.82
20240531,SEG02,90+,543340.55,0.25,135835.14
20240531,SEG03,Current,10794656.62,0.0,0.0
20240531,SEG03,1-30,4567577.21,0.01,45675.77
20240531,SEG03,31-60,2051006.53,0.03,61530.2
20240531,SEG03,61-90,928733.39,0.08,74298.67
20240531,SEG03,90+,574199.99,0.25,143550.0
20240531,SEG04,Current,2583647.55,0.0,0.0
20240531,SEG04,1-30,1115883.79,0.01,11158.84
20240531,SEG04,31-60,509069.67,0.03,15272.09
20240531,SEG04,61-90,235368.4,0.08,18829.47
20240531,SEG04,90+,139580.06,0.25,34895.01
20240630,SEG01,Current,21968420.28,0.0,0.0
20240630,SEG01,1-30,8796906.09,0.01,87969.06
20240630,SEG01,31-60,4033727.59,0.03,121011.83
20240630,SEG01,61-90,1893041.28,0.08,151443.3
20240630,SEG01,90+,1099084.55,0.25,274771.14
20240630,SEG02,Current,10575955.19,0.0,0.0
20240630,SEG02,1-30,4550010.24,0.01,45500.1
20240630,SEG02,31-60,2074904.68,0.03,62247.14
20240630,SEG02,61-90,930546.16,0.08,74443.69
20240630,SEG02,90+,580991.5,0.25,145247.88
20240630,SEG03,Current,10740329.39,0.0,0.0
20240630,SEG03,1-30,4501432.37,0.01,45014.32
20240630,SEG03,31-60,2081989.06,0.03,62459.67
20240630,SEG03,61-90,917793.81,0.08,73423.5
20240630,SEG03,90+,571077.19,0.25,142769.3
20240630,SEG04,Current,2736901.14,0.0,0.0
20240630,SEG04,1-30,1138710.49,0.01,11387.1
20240630,SEG04,31-60,525572.36,0.03,15767.17
20240630,SEG04,61-90,238217.7,0.08,19057.42
20240630,SEG04,90+,138649.54,0.25,34662.39
20240731,SEG01,Current,21166857.94,0.0,0.0
20240731,SEG01,1-30,8792733.32,0.01,87927.33
20240731,SEG01,31-60,4057148.93,0.03,121714.47
20240731,SEG01,61-90,1856959.13,0.08,148556.73
20240731,SEG01,90+,1111660.95,0.25,277915.24
20240731,SEG02,Current,10356409.18,0.0,0.0
20240731,SEG02,1-30,4449532.93,0.01,44495.33
20240731,SEG02,31-60,2068662.25,0.03,62059.87
20240731,SEG02,61-90,924055.2,0.08,73924.42
20240731,SEG02,90+,547003.28,0.25,136750.82
20240731,SEG03,Current,10883662.49,0.0,0.0
20240731,SEG03,1-30,4353097.86,0.01,43530.98
20240731,SEG03,31-60,2089145.62,0.03,62674.37
20240731,SEG03,61-90,908353.28,0.08,72668.26
20240731,SEG03,90+,545123.73,0.25,136280.93
20240731,SEG04,Current,2691590.11,0.0,0.0
20240731,SEG04,1-30,1138193.05,0.01,11381.93
20240731,SEG04,31-60,513824.55,0.03,15414.74
20240731,SEG04,61-90,233976.92,0.08,18718.15
20240731,SEG04,90+,140177.67,0.25,35044.42
20240831,SEG01,Current,20436183.75,0.0,0.0
20240831,SEG01,1-30,8496518.52,0.01,84965.19
20240831,SEG01,31-60,3949551.24,0.03,118486.54
20240831,SEG01,61-90,1829127.49,0.08,146330.2
20240831,SEG01,90+,1103014.97,0.25,275753.74
20240831,SEG02,Current,10551614.43,0.0,0.0
20240831,SEG02,1-30,4404438.18,0.01,44044.38
20240831,SEG02,31-60,2048266.76,0.03,61448.0
20240831,SEG02,61-90,911035.76,0.08,72882.86
20240831,SEG02,90+,538511.54,0.25,134627.89
20240831,SEG03,Current,10371876.03,0.0,0.0
20240831,SEG03,1-30,4271864.26,0.01,42718.64
20240831,SEG03,31-60,2011011.72,0.03,60330.35
20240831,SEG03,61-90,890596.9,0.08,71247.75
20240831,SEG03,90+,530575.57,0.25,132643.89
20240831,SEG04,Current,2634385.52,0.0,0.0
20240831,SEG04,1-30,1078060.75,0.01,10780.61
20240831,SEG04,31-60,505916.74,0.03,15177.5
20240831,SEG04,61-90,227401.55,0.08,18192.12
20240831,SEG04,90+,138340.92,0.25,34585.23
20240930,SEG01,Current,20264244.0,0.0,0.0
20240930,SEG01,1-30,8597209.8,0.01,85972.1
20240930,SEG01,31-60,3904499.33,0.03,117134.98
20240930,SEG01,61-90,1753367.27,0.08,140269.38
20240930,SEG01,90+,1053846.38,0.25,263461.59
20240930,SEG02,Current,9644390.1,0.0,0.0
20240930,SEG02,1-30,4287204.04,0.01,42872.04
20240930,SEG02,31-60,1953517.89,0.03,58605.54
20240930,SEG02,61-90,858600.31,0.08,68688.02
20240930,SEG02,90+,512432.0,0.25,128108.0
20240930,SEG03,Current,10047275.97,0.0,0.0
20240930,SEG03,1-30,4131697.94,0.01,41316.98
20240930,SEG03,31-60,1897239.61,0.03,56917.19
20240930,SEG03,61-90,844946.5,0.08,67595.72
20240930,SEG03,90+,534044.09,0.25,133511.02
20240930,SEG04,Current,2491512.59,0.0,0.0
20240930,SEG04,1-30,1038679.77,0.01,10386.8
20240930,SEG04,31-60,468621.86,0.03,14058.66
20240930,SEG04,61-90,219426.89,0.08,17554.15
20240930,SEG04,90+,126934.38,0.25,31733.6
20241031,SEG01,Current,19698570.11,0.0,0.0
20241031,SEG01,1-30,8033739.34,0.01,80337.39
20241031,SEG01,31-60,3728140.78,0.03,111844.22
20241031,SEG01,61-90,1686544.66,0.08,134923.57
20241031,SEG01,90+,1013714.15,0.25,253428.54
20241031,SEG02,Current,9835008.1,0.0,0.0
20241031,SEG02,1-30,4154600.98,0.01,41546.01
20241031,SEG02,31-60,1880676.49,0.03,56420.29
20241031,SEG02,61-90,830197.95,0.08,66415.84
20241031,SEG02,90+,497127.28,0.25,124281.82
20241031,SEG03,Current,9506450.05,0.0,0.0
20241031,SEG03,1-30,4115614.3,0.01,41156.14
20241031,SEG03,31-60,1892631.44,0.03,56778.94
20241031,SEG03,61-90,839758.1,0.08,67180.65
20241031,SEG03,90+,515803.49,0.25,128950.87
20241031,SEG04,Current,2424402.5,0.0,0.0
20241031,SEG04,1-30,1018127.26,0.01,10181.27
20241031,SEG04,31-60,461896.85,0.03,13856.91
20241031,SEG04,61-90,216105.88,0.08,17288.47
20241031,SEG04,90+,124750.84,0.25,31187.71
20241130,SEG01,Current,18740674.6,0.0,0.0
20241130,SEG01,1-30,7821077.75,0.01,78210.78
20241130,SEG01,31-60,3670788.78,0.03,110123.66
20241130,SEG01,61-90,1649536.95,0.08,131962.96
20241130,SEG01,90+,1000449.45,0.25,250112.36
20241130,SEG02,Current,9153252.83,0.0,0.0
20241130,SEG02,1-30,3937167.99,0.01,39371.68
20241130,SEG02,31-60,1826769.23,0.03,54803.08
20241130,SEG02,61-90,801048.29,0.08,64083.86
20241130,SEG02,90+,489357.38,0.25,122339.35
20241130,SEG03,Current,9246871.98,0.0,0.0
20241130,SEG03,1-30,3875828.4,0.01,38758.28
20241130,SEG03,31-60,1789309.28,0.03,53679.28
20241130,SEG03,61-90,816918.11,0.08,65353.45
20241130,SEG03,90+,480630.25,0.25,120157.56
20241130,SEG04,Current,2387342.62,0.0,0.0
20241130,SEG04,1-30,971242.82,0.01,9712.43
20241130,SEG04,31-60,450723.72,0.03,13521.71
20241130,SEG04,61-90,208879.37,0.08,16710.35
20241130,SEG04,90+,123816.52,0.25,30954.13
20241231,SEG01,Current,18975175.09,0.0,0.0
20241231,SEG01,1-30,7976785.76,0.01,79767.86
20241231,SEG01,31-60,3497893.26,0.03,104936.8
20241231,SEG01,61-90,1667270.71,0.08,133381.66
20241231,SEG01,90+,952221.81,0.25,238055.45
20241231,SEG02,Current,9032958.16,0.0,0.0
20241231,SEG02,1-30,4015407.44,0.01,40154.07
20241231,SEG02,31-60,1834035.01,0.03,55021.05
20241231,SEG02,61-90,819633.83,0.08,65570.71
20241231,SEG02,90+,491710.99,0.25,122927.75
20241231,SEG03,Current,9418464.84,0.0,0.0
20241231,SEG03,1-30,3897099.2,0.01,38970.99
20241231,SEG03,31-60,1753588.36,0.03,52607.65
20241231,SEG03,61-90,792468.29,0.08,63397.46
20241231,SEG03,90+,484407.86,0.25,121101.96
20241231,SEG04,Current,2367427.67,0.0,0.0
20241231,SEG04,1-30,986049.46,0.01,9860.49
20241231,SEG04,31-60,457698.72,0.03,13730.96
20241231,SEG04,61-90,209118.76,0.08,16729.5
20241231,SEG04,90+,119364.25,0.25,29841.06
20250131,SEG01,Current,19208803.27,0.0,0.0
20250131,SEG01,1-30,7802093.12,0.01,78020.93
20250131,SEG01,31-60,3651260.46,0.03,109537.81
20250131,SEG01,61-90,1653234.52,0.08,132258.76
20250131,SEG01,90+,984321.91,0.25,246080.48
20250131,SEG02,Current,9302789.74,0.0,0.0
20250131,SEG02,1-30,3923914.85,0.01,39239.15
20250131,SEG02,31-60,1797758.78,0.03,53932.76
20250131,SEG02,61-90,808994.49,0.08,64719.56
20250131,SEG02,90+,495569.81,0.25,123892.45
20250131,SEG03,Current,9191989.25,0.0,0.0
20250131,SEG03,1-30,3964432.23,0.01,39644.32
20250131,SEG03,31-60,1860175.15,0.03,55805.25
20250131,SEG03,61-90,817970.68,0.08,65437.65
20250131,SEG03,90+,502014.98,0.25,125503.74
20250131,SEG04,Current,2397496.07,0.0,0.0
20250131,SEG04,1-30,1009239.56,0.01,10092.4
20250131,SEG04,31-60,446802.95,0.03,13404.09
20250131,SEG04,61-90,201980.09,0.08,16158.41
20250131,SEG04,90+,121565.64,0.25,30391.41
20250228,SEG01,Current,19531185.65,0.0,0.0
20250228,SEG01,1-30,8301051.25,0.01,83010.51
20250228,SEG01,31-60,3781113.7,0.03,113433.41
20250228,SEG01,61-90,1669814.67,0.08,133585.17
20250228,SEG01,90+,1038405.81,0.25,259601.45
20250228,SEG02,Current,9702534.0,0.0,0.0
20250228,SEG02,1-30,4149110.93,0.01,41491.11
20250228,SEG02,31-60,1902286.24,0.03,57068.59
20250228,SEG02,61-90,848789.88,0.08,67903.19
20250228,SEG02,90+,523840.5,0.25,130960.12
20250228,SEG03,Current,9743517.28,0.0,0.0
20250228,SEG03,1-30,4119895.58,0.01,41198.96
20250228,SEG03,31-60,1887074.36,0.03,56612.23
20250228,SEG03,61-90,870007.19,0.08,69600.58
20250228,SEG03,90+,514739.26,0.25,128684.82
20250228,SEG04,Current,2375673.1,0.0,0.0
20250228,SEG04,1-30,995215.6,0.01,9952.16
20250228,SEG04,31-60,466646.27,0.03,13999.39
20250228,SEG04,61-90,210331.82,0.08,16826.55
20250228,SEG04,90+,125983.41,0.25,31495.85
20250331,SEG01,Current,19682278.04,0.0,0.0
20250331,SEG01,1-30,8517747.97,0.01,85177.48
20250331,SEG01,31-60,3857859.84,0.03,115735.8
20250331,SEG01,61-90,1768632.43,0.08,141490.59
20250331,SEG01,90+,1035955.21,0.25,258988.8
20250331,SEG02,Current,10311589.64,0.0,0.0
20250331,SEG02,1-30,4148888.63,0.01,41488.89
20250331,SEG02,31-60,1993766.84,0.03,59813.01
20250331,SEG02,61-90,905781.05,0.08,72462.48
20250331,SEG02,90+,535796.93,0.25,133949.23
20250331,SEG03,Current,10114662.5,0.0,0.0
20250331,SEG03,1-30,4247475.81,0.01,42474.76
20250331,SEG03,31-60,1957483.68,0.03,58724.51
20250331,SEG03,61-90,902403.35,0.08,72192.27
20250331,SEG03,90+,544764.36,0.25,136191.09
20250331,SEG04,Current,2519970.58,0.0,0.0
20250331,SEG04,1-30,1084033.3,0.01,10840.33
20250331,SEG04,31-60,492225.06,0.03,14766.75
20250331,SEG04,61-90,219344.5,0.08,17547.56
20250331,SEG04,90+,132836.72,0.25,33209.18
20250430,SEG01,Current,20589045.3,0.0,0.0
20250430,SEG01,1-30,8621795.06,0.01,86217.95
20250430,SEG01,31-60,3961792.55,0.03,118853.78
20250430,SEG01,61-90,1888876.16,0.08,151110.09
20250430,SEG01,90+,1096422.83,0.25,274105.71
20250430,SEG02,Current,10649998.98,0.0,0.0
20250430,SEG02,1-30,4428488.38,0.01,44284.88
20250430,SEG02,31-60,1989303.98,0.03,59679.12
20250430,SEG02,61-90,908389.89,0.08,72671.19
20250430,SEG02,90+,551343.29,0.25,137835.82
20250430,SEG03,Current,10476571.97,0.0,0.0
20250430,SEG03,1-30,4433322.72,0.01,44333.23
20250430,SEG03,31-60,1987622.28,0.03,59628.67
20250430,SEG03,61-90,915313.5,0.08,73225.08
20250430,SEG03,90+,546201.07,0.25,136550.27
20250430,SEG04,Current,2614308.44,0.0,0.0
20250430,SEG04,1-30,1096086.09,0.01,10960.86
20250430,SEG04,31-60,510271.91,0.03,15308.16
20250430,SEG04,61-90,234589.03,0.08,18767.12
20250430,SEG04,90+,139575.3,0.25,34893.82
20250531,SEG01,Current,21058541.63,0.0,0.0
20250531,SEG01,1-30,8882373.38,0.01,88823.73
20250531,SEG01,31-60,4217264.21,0.03,126517.93
20250531,SEG01,61-90,1872075.29,0.08,149766.02
20250531,SEG01,90+,1153259.71,0.25,288314.93
20250531,SEG02,Current,10912397.71,0.0,0.0
20250531,SEG02,1-30,4662912.31,0.01,46629.12
20250531,SEG02,31-60,2133029.37,0.03,63990.88
20250531,SEG02,61-90,938837.94,0.08,75107.04
20250531,SEG02,90+,571816.39,0.25,142954.1
20250531,SEG03,Current,10578254.65,0.0,0.0
20250531,SEG03,1-30,4510917.26,0.01,45109.17
20250531,SEG03,31-60,2144848.3,0.03,64345.45
20250531,SEG03,61-90,959612.85,0.08,76769.03
20250531,SEG03,90+,565303.2,0.25,141325.8
20250531,SEG04,Current,2718122.72,0.0,0.0
20250531,SEG04,1-30,1167889.76,0.01,11678.9
20250531,SEG04,31-60,515616.68,0.03,15468.5
20250531,SEG04,61-90,235325.66,0.08,18826.05
20250531,SEG04,90+,144737.22,0.25,36184.31
20250630,SEG01,Current,22248777.46,0.0,0.0
20250630,SEG01,1-30,9288974.44,0.01,92889.74
20250630,SEG01,31-60,4297612.47,0.03,128928.37
20250630,SEG01,61-90,1943094.52,0.08,155447.56
20250630,SEG01,90+,1162176.81,0.25,290544.2
20250630,SEG02,Current,10936496.66,0.0,0.0
20250630,SEG02,1-30,4637841.47,0.01,46378.41
20250630,SEG02,31-60,2097531.04,0.03,62925.93
20250630,SEG02,61-90,949884.33,0.08,75990.75
20250630,SEG02,90+,569957.13,0.25,142489.28
20250630,SEG03,Current,10709728.52,0.0,0.0
20250630,SEG03,1-30,4518719.02,0.01,45187.19
20250630,SEG03,31-60,2163815.0,0.03,64914.45
20250630,SEG03,61-90,957036.0,0.08,76562.88
20250630,SEG03,90+,565265.74,0.25,141316.43
20250630,SEG04,Current,2670438.78,0.0,0.0
20250630,SEG04,1-30,1120229.87,0.01,11202.3
20250630,SEG04,31-60,537690.52,0.03,16130.72
20250630,SEG04,61-90,233725.69,0.08,18698.06
20250630,SEG04,90+,146008.81,0.25,36502.2
20250731,SEG01,Current,22056435.97,0.0,0.0
20250731,SEG01,1-30,9313446.71,0.01,93134.47
20250731,SEG01,31-60,4056877.96,0.03,121706.34
20250731,SEG01,61-90,1878063.06,0.08,150245.04
20250731,SEG01,90+,1156166.62,0.25,289041.66
20250731,SEG02,Current,10571522.09,0.0,0.0
20250731,SEG02,1-30,4518263.83,0.01,45182.64
20250731,SEG02,31-60,2044023.63,0.03,61320.71
20250731,SEG02,61-90,967172.76,0.08,77373.82
20250731,SEG02,90+,578246.85,0.25,144561.71
20250731,SEG03,Current,11011303.7,0.0,0.0
20250731,SEG03,1-30,4460587.0,0.01,44605.87
20250731,SEG03,31-60,2078500.98,0.03,62355.03
20250731,SEG03,61-90,943247.43,0.08,75459.79
20250731,SEG03,90+,575012.64,0.25,143753.16
20250731,SEG04,Current,2660147.79,0.0,0.0
20250731,SEG04,1-30,1134173.35,0.01,11341.73
20250731,SEG04,31-60,514845.14,0.03,15445.35
20250731,SEG04,61-90,240615.26,0.08,19249.22
20250731,SEG04,90+,141812.03,0.25,35453.01
20250831,SEG01,Current,21072494.41,0.0,0.0
20250831,SEG01,1-30,8753335.32,0.01,87533.35
20250831,SEG01,31-60,4133490.04,0.03,124004.7
20250831,SEG01,61-90,1841270.59,0.08,147301.65
20250831,SEG01,90+,1129074.61,0.25,282268.65
20250831,SEG02,Current,10431412.53,0.0,0.0
20250831,SEG02,1-30,4546054.23,0.01,45460.54
20250831,SEG02,31-60,2088150.64,0.03,62644.52
20250831,SEG02,61-90,920229.33,0.08,73618.35
20250831,SEG02,90+,546163.82,0.25,136540.95
20250831,SEG03,Current,10440264.81,0.0,0.0
20250831,SEG03,1-30,4434574.33,0.01,44345.74
20250831,SEG03,31-60,2085938.24,0.03,62578.15
20250831,SEG03,61-90,939887.08,0.08,75190.97
20250831,SEG03,90+,563413.19,0.25,140853.3
20250831,SEG04,Current,2571665.05,0.0,0.0
20250831,SEG04,1-30,1090217.91,0.01,10902.18
20250831,SEG04,31-60,511589.64,0.03,15347.69
20250831,SEG04,61-90,235763.5,0.08,18861.08
20250831,SEG04,90+,138805.25,0.25,34701.31
20250930,SEG01,Current,19738593.98,0.0,0.0
20250930,SEG01,1-30,8690695.61,0.01,86906.96
20250930,SEG01,31-60,3984470.26,0.03,119534.11
20250930,SEG01,61-90,1750875.33,0.08,140070.03
20250930,SEG01,90+,1081051.33,0.25,270262.83
20250930,SEG02,Current,9972545.09,0.0,0.0
20250930,SEG02,1-30,4360523.31,0.01,43605.23
20250930,SEG02,31-60,1909840.99,0.03,57295.23
20250930,SEG02,61-90,883547.76,0.08,70683.82
20250930,SEG02,90+,546377.86,0.25,136594.46
20250930,SEG03,Current,9941757.0,0.0,0.0
20250930,SEG03,1-30,4244517.11,0.01,42445.17
20250930,SEG03,31-60,1933516.3,0.03,58005.49
20250930,SEG03,61-90,861687.94,0.08,68935.04
20250930,SEG03,90+,517861.61,0.25,129465.4
20250930,SEG04,Current,2527898.14,0.0,0.0
20250930,SEG04,1-30,1047378.11,0.01,10473.78
20250930,SEG04,31-60,502254.46,0.03,15067.63
20250930,SEG04,61-90,220054.7,0.08,17604.38
20250930,SEG04,90+,129265.3,0.25,32316.33
20251031,SEG01,Current,19913709.48,0.0,0.0
20251031,SEG01,1-30,8339774.22,0.01,83397.74
20251031,SEG01,31-60,3779866.6,0.03,113396.0
20251031,SEG01,61-90,1732569.78,0.08,138605.58
20251031,SEG01,90+,999464.56,0.25,249866.14
20251031,SEG02,Current,9581847.6,0.0,0.0
20251031,SEG02,1-30,4167578.6,0.01,41675.79
20251031,SEG02,31-60,1895115.51,0.03,56853.47
20251031,SEG02,61-90,832948.09,0.08,66635.85
20251031,SEG02,90+,517139.77,0.25,129284.94
20251031,SEG03,Current,9676027.68,0.0,0.0
20251031,SEG03,1-30,3965406.01,0.01,39654.06
20251031,SEG03,31-60,1825791.37,0.03,54773.74
20251031,SEG03,61-90,838931.62,0.08,67114.53
20251031,SEG03,90+,521106.75,0.25,130276.69
20251031,SEG04,Current,2433595.38,0.0,0.0
20251031,SEG04,1-30,1035609.67,0.01,10356.1
20251031,SEG04,31-60,469050.27,0.03,14071.51
20251031,SEG04,61-90,207884.47,0.08,16630.76
20251031,SEG04,90+,126086.31,0.25,31521.58
20251130,SEG01,Current,18595277.48,0.0,0.0
20251130,SEG01,1-30,7709111.17,0.01,77091.11
20251130,SEG01,31-60,3614423.08,0.03,108432.69
20251130,SEG01,61-90,1679972.19,0.08,134397.78
20251130,SEG01,90+,987967.82,0.25,246991.95
20251130,SEG02,Current,9190200.2,0.0,0.0
20251130,SEG02,1-30,4058379.52,0.01,40583.8
20251130,SEG02,31-60,1826487.47,0.03,54794.62
20251130,SEG02,61-90,801481.56,0.08,64118.52
20251130,SEG02,90+,495715.2,0.25,123928.8
20251130,SEG03,Current,9264207.37,0.0,0.0
20251130,SEG03,1-30,3877336.06,0.01,38773.36
20251130,SEG03,31-60,1808237.19,0.03,54247.12
20251130,SEG03,61-90,831116.54,0.08,66489.32
20251130,SEG03,90+,487549.04,0.25,121887.26
20251130,SEG04,Current,2340700.55,0.0,0.0
20251130,SEG04,1-30,1000285.35,0.01,10002.85
20251130,SEG04,31-60,442699.23,0.03,13280.98
20251130,SEG04,61-90,212234.54,0.08,16978.76
20251130,SEG04,90+,120602.92,0.25,30150.73
20251231,SEG01,Current,18632177.17,0.0,0.0
20251231,SEG01,1-30,7836323.82,0.01,78363.24
20251231,SEG01,31-60,3695258.65,0.03,110857.76
20251231,SEG01,61-90,1637152.07,0.08,130972.17
20251231,SEG01,90+,972674.53,0.25,243168.63
20251231,SEG02,Current,9284877.61,0.0,0.0
20251231,SEG02,1-30,3948320.79,0.01,39483.21
20251231,SEG02,31-60,1846843.96,0.03,55405.32
20251231,SEG02,61-90,803864.83,0.08,64309.19
20251231,SEG02,90+,475345.44,0.25,118836.36
20251231,SEG03,Current,9462565.91,0.0,0.0
20251231,SEG03,1-30,3879970.7,0.01,38799.71
20251231,SEG03,31-60,1820123.24,0.03,54603.7
20251231,SEG03,61-90,822203.88,0.08,65776.31
20251231,SEG03,90+,497529.89,0.25,124382.47
20251231,SEG04,Current,2358200.28,0.0,0.0
20251231,SEG04,1-30,969271.04,0.01,9692.71
20251231,SEG04,31-60,436489.75,0.03,13094.69
20251231,SEG04,61-90,204544.41,0.08,16363.55
20251231,SEG04,90+,124690.95,0.25,31172.74
20260131,SEG01,Current,18788437.4,0.0,0.0
20260131,SEG01,1-30,8203338.75,0.01,82033.39
20260131,SEG01,31-60,3690079.31,0.03,110702.38
20260131,SEG01,61-90,1700582.16,0.08,136046.57
20260131,SEG01,90+,1016497.53,0.25,254124.38
20260131,SEG02,Current,9760064.4,0.0,0.0
20260131,SEG02,1-30,3928354.09,0.01,39283.54
20260131,SEG02,31-60,1879604.29,0.03,56388.13
20260131,SEG02,61-90,838304.26,0.08,67064.34
20260131,SEG02,90+,498013.44,0.25,124503.36
20260131,SEG03,Current,9318749.46,0.0,0.0
20260131,SEG03,1-30,3961361.76,0.01,39613.62
20260131,SEG03,31-60,1798144.34,0.03,53944.33
20260131,SEG03,61-90,862291.62,0.08,68983.33
20260131,SEG03,90+,504728.44,0.25,126182.11
20260131,SEG04,Current,2465543.47,0.0,0.0
20260131,SEG04,1-30,1011129.84,0.01,10111.3
20260131,SEG04,31-60,455399.37,0.03,13661.98
20260131,SEG04,61-90,213302.71,0.08,17064.22
20260131,SEG04,90+,123729.27,0.25,30932.32
20260228,SEG01,Current,19595250.84,0.0,0.0
20260228,SEG01,1-30,8462278.62,0.01,84622.79
20260228,SEG01,31-60,3897987.25,0.03,116939.62
20260228,SEG01,61-90,1716275.86,0.08,137302.07
20260228,SEG01,90+,1016817.47,0.25,254204.37
20260228,SEG02,Current,9804174.51,0.0,0.0
20260228,SEG02,1-30,4258263.76,0.01,42582.64
20260228,SEG02,31-60,1934977.25,0.03,58049.32
20260228,SEG02,61-90,887406.2,0.08,70992.5
20260228,SEG02,90+,516590.45,0.25,129147.61
20260228,SEG03,Current,10163324.47,0.0,0.0
20260228,SEG03,1-30,4160076.09,0.01,41600.76
20260228,SEG03,31-60,1906852.61,0.03,57205.58
20260228,SEG03,61-90,888949.58,0.08,71115.97
20260228,SEG03,90+,520729.55,0.25,130182.39
20260228,SEG04,Current,2515249.13,0.0,0.0
20260228,SEG04,1-30,1054429.36,0.01,10544.29
20260228,SEG04,31-60,464738.35,0.03,13942.15
20260228,SEG04,61-90,218052.22,0.08,17444.18
20260228,SEG04,90+,132546.88,0.25,33136.72
20260331,SEG01,Current,20644574.7,0.0,0.0
20260331,SEG01,1-30,8575807.06,0.01,85758.07
20260331,SEG01,31-60,3873091.79,0.03,116192.75
20260331,SEG01,61-90,1823437.21,0.08,145874.98
20260331,SEG01,90+,1071019.13,0.25,267754.78
20260331,SEG02,Current,10357584.45,0.0,0.0
20260331,SEG02,1-30,4315185.45,0.01,43151.85
20260331,SEG02,31-60,2009219.21,0.03,60276.58
20260331,SEG02,61-90,894956.82,0.08,71596.55
20260331,SEG02,90+,526922.88,0.25,131730.72
20260331,SEG03,Current,10522754.2,0.0,0.0
20260331,SEG03,1-30,4296055.98,0.01,42960.56
20260331,SEG03,31-60,2045977.56,0.03,61379.33
20260331,SEG03,61-90,890785.41,0.08,71262.83
20260331,SEG03,90+,557404.73,0.25,139351.18
20260331,SEG04,Current,2642712.26,0.0,0.0
20260331,SEG04,1-30,1055970.88,0.01,10559.71
20260331,SEG04,31-60,500747.74,0.03,15022.43
20260331,SEG04,61-90,223898.55,0.08,17911.88
20260331,SEG04,90+,137897.01,0.25,34474.25
20260430,SEG01,Current,21642427.71,0.0,0.0
20260430,SEG01,1-30,9260480.78,0.01,92604.81
20260430,SEG01,31-60,4043563.14,0.03,121306.89
20260430,SEG01,61-90,1890362.86,0.08,151229.03
20260430,SEG01,90+,1145965.37,0.25,286491.34
20260430,SEG02,Current,10407142.36,0.0,0.0
20260430,SEG02,1-30,4390727.1,0.01,43907.27
20260430,SEG02,31-60,2100589.84,0.03,63017.7
20260430,SEG02,61-90,931587.98,0.08,74527.04
20260430,SEG02,90+,559511.5,0.25,139877.88
20260430,SEG03,Current,10749163.14,0.0,0.0
20260430,SEG03,1-30,4536200.64,0.01,45362.01
20260430,SEG03,31-60,2088261.22,0.03,62647.84
20260430,SEG03,61-90,964409.95,0.08,77152.8
20260430,SEG03,90+,559144.99,0.25,139786.25
20260430,SEG04,Current,2718740.61,0.0,0.0
20260430,SEG04,1-30,1131942.34,0.01,11319.42
20260430,SEG04,31-60,517428.99,0.03,15522.87
20260430,SEG04,61-90,233343.63,0.08,18667.49
20260430,SEG04,90+,142132.1,0.25,35533.03
20260531,SEG01,Current,21684071.14,0.0,0.0
20260531,SEG01,1-30,9054406.3,0.01,90544.06
20260531,SEG01,31-60,4308546.84,0.03,129256.41
20260531,SEG01,61-90,1931012.58,0.08,154481.01
20260531,SEG01,90+,1150817.32,0.25,287704.33
20260531,SEG02,Current,11048134.48,0.0,0.0
20260531,SEG02,1-30,4568450.48,0.01,45684.5
20260531,SEG02,31-60,2093683.62,0.03,62810.51
20260531,SEG02,61-90,962449.08,0.08,76995.93
20260531,SEG02,90+,596590.77,0.25,149147.69
20260531,SEG03,Current,10865788.59,0.0,0.0
20260531,SEG03,1-30,4750511.23,0.01,47505.11
20260531,SEG03,31-60,2123114.11,0.03,63693.42
20260531,SEG03,61-90,943699.66,0.08,75495.97
20260531,SEG03,90+,591601.32,0.25,147900.33
20260531,SEG04,Current,2743932.49,0.0,0.0
20260531,SEG04,1-30,1186390.35,0.01,11863.9
20260531,SEG04,31-60,529309.97,0.03,15879.3
20260531,SEG04,61-90,235420.22,0.08,18833.62
20260531,SEG04,90+,146415.23,0.25,36603.81
20260630,SEG01,Current,22696441.64,0.0,0.0
20260630,SEG01,1-30,9260959.55,0.01,92609.6
20260630,SEG01,31-60,4251773.6,0.03,127553.21
20260630,SEG01,61-90,1899565.34,0.08,151965.23
20260630,SEG01,90+,1173249.16,0.25,293312.29
20260630,SEG02,Current,11378779.34,0.0,0.0
20260630,SEG02,1-30,4779838.75,0.01,47798.39
20260630,SEG02,31-60,2172794.54,0.03,65183.84
20260630,SEG02,61-90,1000244.63,0.08,80019.57
20260630,SEG02,90+,589978.46,0.25,147494.61
20260630,SEG03,Current,11313650.33,0.0,0.0
20260630,SEG03,1-30,4683611.22,0.01,46836.11
20260630,SEG03,31-60,2096785.35,0.03,62903.56
20260630,SEG03,61-90,957743.05,0.08,76619.44
20260630,SEG03,90+,572465.46,0.25,143116.36
20260630,SEG04,Current,2827858.37,0.0,0.0
20260630,SEG04,1-30,1137024.95,0.01,11370.25
20260630,SEG04,31-60,538120.57,0.03,16143.62
20260630,SEG04,61-90,241892.35,0.08,19351.39
20260630,SEG04,90+,148951.29,0.25,37237.82
20260731,SEG01,Current,22083026.03,0.0,0.0
20260731,SEG01,1-30,9331653.68,0.01,93316.54
20260731,SEG01,31-60,4142994.27,0.03,124289.83
20260731,SEG01,61-90,1909026.36,0.08,152722.11
20260731,SEG01,90+,1193406.08,0.25,298351.52
20260731,SEG02,Current,11151954.29,0.0,0.0
20260731,SEG02,1-30,4641841.53,0.01,46418.42
20260731,SEG02,31-60,2158541.82,0.03,64756.25
20260731,SEG02,61-90,984293.92,0.08,78743.51
20260731,SEG02,90+,564520.49,0.25,141130.12
20260731,SEG03,Current,11319383.54,0.0,0.0
20260731,SEG03,1-30,4674277.81,0.01,46742.78
20260731,SEG03,31-60,2117859.73,0.03,63535.79
20260731,SEG03,61-90,975996.06,0.08,78079.68
20260731,SEG03,90+,573932.3,0.25,143483.08
20260731,SEG04,Current,2814256.17,0.0,0.0
20260731,SEG04,1-30,1178158.01,0.01,11781.58
20260731,SEG04,31-60,535513.25,0.03,16065.4
20260731,SEG04,61-90,236784.16,0.08,18942.73
20260731,SEG04,90+,148886.12,0.25,37221.53
20260831,SEG01,Current,21325369.62,0.0,0.0
20260831,SEG01,1-30,9237719.87,0.01,92377.2
20260831,SEG01,31-60,4021902.54,0.03,120657.08
20260831,SEG01,61-90,1835885.06,0.08,146870.8
20260831,SEG01,90+,1103482.07,0.25,275870.52
20260831,SEG02,Current,10490557.77,0.0,0.0
20260831,SEG02,1-30,4459811.66,0.01,44598.12
20260831,SEG02,31-60,2092013.61,0.03,62760.41
20260831,SEG02,61-90,930443.83,0.08,74435.51
20260831,SEG02,90+,578378.23,0.25,144594.56
20260831,SEG03,Current,10959651.85,0.0,0.0
20260831,SEG03,1-30,4601339.5,0.01,46013.4
20260831,SEG03,31-60,2035148.08,0.03,61054.44
20260831,SEG03,61-90,946730.09,0.08,75738.41
20260831,SEG03,90+,565190.86,0.25,141297.71
20260831,SEG04,Current,2616298.28,0.0,0.0
20260831,SEG04,1-30,1113611.66,0.01,11136.12
20260831,SEG04,31-60,517553.52,0.03,15526.61
20260831,SEG04,61-90,234816.25,0.08,18785.3
20260831,SEG04,90+,138067.28,0.25,34516.82
20260930,SEG01,Current,21133918.88,0.0,0.0
20260930,SEG01,1-30,8488936.76,0.01,84889.37
20260930,SEG01,31-60,4011040.65,0.03,120331.22
20260930,SEG01,61-90,1829907.77,0.08,146392.62
20260930,SEG01,90+,1090435.71,0.25,272608.93
20260930,SEG02,Current,10505764.34,0.0,0.0
20260930,SEG02,1-30,4350944.76,0.01,43509.45
20260930,SEG02,31-60,2025366.86,0.03,60761.01
20260930,SEG02,61-90,877447.28,0.08,70195.78
20260930,SEG02,90+,527023.87,0.25,131755.97
20260930,SEG03,Current,10381569.18,0.0,0.0
20260930,SEG03,1-30,4354365.43,0.01,43543.65
20260930,SEG03,31-60,2004614.09,0.03,60138.42
20260930,SEG03,61-90,917463.84,0.08,73397.11
20260930,SEG03,90+,539088.4,0.25,134772.1
20260930,SEG04,Current,2595012.05,0.0,0.0
20260930,SEG04,1-30,1083472.44,0.01,10834.72
20260930,SEG04,31-60,500439.36,0.03,15013.18
20260930,SEG04,61-90,222901.1,0.08,17832.09
20260930,SEG04,90+,139161.2,0.25,34790.3
20261031,SEG01,Current,19744638.4,0.0,0.0
20261031,SEG01,1-30,8474185.77,0.01,84741.86
20261031,SEG01,31-60,3856608.32,0.03,115698.25
20261031,SEG01,61-90,1712687.94,0.08,137015.04
20261031,SEG01,90+,1013602.96,0.25,253400.74
20261031,SEG02,Current,9621484.23,0.0,0.0
20261031,SEG02,1-30,4145945.82,0.01,41459.46
20261031,SEG02,31-60,1905333.89,0.03,57160.02
20261031,SEG02,61-90,851485.41,0.08,68118.83
20261031,SEG02,90+,523456.62,0.25,130864.15
20261031,SEG03,Current,9771303.56,0.0,0.0
20261031,SEG03,1-30,4215540.79,0.01,42155.41
20261031,SEG03,31-60,1933935.05,0.03,58018.05
20261031,SEG03,61-90,885645.04,0.08,70851.6
20261031,SEG03,90+,534963.32,0.25,133740.83
20261031,SEG04,Current,2415874.07,0.0,0.0
20261031,SEG04,1-30,1032175.72,0.01,10321.76
20261031,SEG04,31-60,478547.66,0.03,14356.43
20261031,SEG04,61-90,214367.93,0.08,17149.43
20261031,SEG04,90+,129770.42,0.25,32442.6
20261130,SEG01,Current,18894651.43,0.0,0.0
20261130,SEG01,1-30,7946177.35,0.01,79461.77
20261130,SEG01,31-60,3608470.93,0.03,108254.13
20261130,SEG01,61-90,1659718.99,0.08,132777.52
20261130,SEG01,90+,1001515.72,0.25,250378.93
20261130,SEG02,Current,9647322.76,0.0,0.0
20261130,SEG02,1-30,3973173.73,0.01,39731.74
20261130,SEG02,31-60,1889490.75,0.03,56684.72
20261130,SEG02,61-90,823278.24,0.08,65862.26
20261130,SEG02,90+,499041.93,0.25,124760.48
20261130,SEG03,Current,9625656.06,0.0,0.0
20261130,SEG03,1-30,3988772.31,0.01,39887.72
20261130,SEG03,31-60,1878154.44,0.03,56344.63
20261130,SEG03,61-90,840350.86,0.08,67228.07
20261130,SEG03,90+,504708.51,0.25,126177.13
20261130,SEG04,Current,2395070.98,0.0,0.0
20261130,SEG04,1-30,996940.48,0.01,9969.4
20261130,SEG04,31-60,449016.63,0.03,13470.5
20261130,SEG04,61-90,215722.44,0.08,17257.8
20261130,SEG04,90+,126106.93,0.25,31526.73
20261231,SEG01,Current,19471707.87,0.0,0.0
20261231,SEG01,1-30,7838987.55,0.01,78389.88
20261231,SEG01,31-60,3623080.86,0.03,108692.43
20261231,SEG01,61-90,1616712.83,0.08,129337.03
20261231,SEG01,90+,996606.6,0.25,249151.65
20261231,SEG02,Current,9687924.52,0.0,0.0
20261231,SEG02,1-30,4024556.08,0.01,40245.56
20261231,SEG02,31-60,1824446.54,0.03,54733.4
20261231,SEG02,61-90,832588.87,0.08,66607.11
20261231,SEG02,90+,508839.01,0.25,127209.75
20261231,SEG03,Current,9431414.41,0.0,0.0
20261231,SEG03,1-30,4079153.93,0.01,40791.54
20261231,SEG03,31-60,1852620.61,0.03,55578.62
20261231,SEG03,61-90,843912.1,0.08,67512.97
20261231,SEG03,90+,494446.54,0.25,123611.63
20261231,SEG04,Current,2353542.63,0.0,0.0
20261231,SEG04,1-30,1001115.88,0.01,10011.16
20261231,SEG04,31-60,448546.95,0.03,13456.41
20261231,SEG04,61-90,208353.23,0.08,16668.26
20261231,SEG04,90+,121425.37,0.25,30356.34
