Date_Key,Scenario_ID,GL_Account_ID,Amount_EUR
20200131,ACT,BS001,97357443.3
20200131,ACT,BS002,53239301.21
20200131,ACT,BS003,15069443.96
20200131,ACT,BS004,9418402.48
20200131,ACT,BS005,13185763.47
20200131,ACT,BS006,572459.26
20200131,ACT,BS007,381654.34
20200131,ACT,BS010,451551864.73
20200131,ACT,BS011,-159319276.34
20200131,ACT,BS012,31224639.25
20200131,ACT,BS013,120000000
20200131,ACT,BS014,185231.61
20200131,ACT,BS020,25791849.58
20200131,ACT,BS021,50000000
20200131,ACT,BS022,13000000.0
20200131,ACT,BS023,934887.73
20200131,ACT,BS024,545234.42
20200131,ACT,BS025,305246.67
20200131,ACT,BS030,247000000.0
20200131,ACT,BS031,45975807.58
20200131,ACT,BS032,380827.93
20200131,ACT,BS040,150000000
20200131,ACT,BS041,185627843.96
20200131,ACT,BS042,-86694770.6
20200229,ACT,BS001,100744238.29
20200229,ACT,BS002,56245076.57
20200229,ACT,BS003,15449822.36
20200229,ACT,BS004,9656138.97
20200229,ACT,BS005,13518594.56
20200229,ACT,BS006,611462.7
20200229,ACT,BS007,389688.21
20200229,ACT,BS010,453195964.5
20200229,ACT,BS011,-161137287.32
20200229,ACT,BS012,30951685.61
20200229,ACT,BS013,120000000
20200229,ACT,BS014,201030.37
20200229,ACT,BS020,27518236.37
20200229,ACT,BS021,50000000
20200229,ACT,BS022,13000000.0
20200229,ACT,BS023,1001670.76
20200229,ACT,BS024,554630.74
20200229,ACT,BS025,309879.9
20200229,ACT,BS030,247000000.0
20200229,ACT,BS031,46051740.37
20200229,ACT,BS032,385324.73
20200229,ACT,BS040,150000000
20200229,ACT,BS041,191393082.19
20200229,ACT,BS042,-87388150.24
20200331,ACT,BS001,86454249.07
20200331,ACT,BS002,59950753.25
20200331,ACT,BS003,16827101.32
20200331,ACT,BS004,10516938.32
20200331,ACT,BS005,14723713.65
20200331,ACT,BS006,533647.17
20200331,ACT,BS007,356399.41
20200331,ACT,BS010,454688442.7
20200331,ACT,BS011,-162967118.5
20200331,ACT,BS012,30681118.01
20200331,ACT,BS013,120000000
20200331,ACT,BS014,171260.59
20200331,ACT,BS020,24741037.35
20200331,ACT,BS021,50000000
20200331,ACT,BS022,12800000.0
20200331,ACT,BS023,891629.55
20200331,ACT,BS024,445389.96
20200331,ACT,BS025,282149.53
20200331,ACT,BS030,243200000.0
20200331,ACT,BS031,46127798.56
20200331,ACT,BS032,349156.47
20200331,ACT,BS040,150000000
20200331,ACT,BS041,191166841.78
20200331,ACT,BS042,-88067498.21
20200430,ACT,BS001,93012368.39
20200430,ACT,BS002,58035977.44
20200430,ACT,BS003,16166571.57
20200430,ACT,BS004,10104107.23
20200430,ACT,BS005,14145750.12
20200430,ACT,BS006,506841.61
20200430,ACT,BS007,343432.65
20200430,ACT,BS010,456160234.91
20200430,ACT,BS011,-164779634.96
20200430,ACT,BS012,30412915.62
20200430,ACT,BS013,120000000
20200430,ACT,BS014,165852.81
20200430,ACT,BS020,23682860.38
20200430,ACT,BS021,50000000
20200430,ACT,BS022,12800000.0
20200430,ACT,BS023,823461.63
20200430,ACT,BS024,404107.67
20200430,ACT,BS025,263251.84
20200430,ACT,BS030,243200000.0
20200430,ACT,BS031,46203982.37
20200430,ACT,BS032,340377.43
20200430,ACT,BS040,150000000
20200430,ACT,BS041,195222156.73
20200430,ACT,BS042,-88665780.66
20200531,ACT,BS001,91995197.81
20200531,ACT,BS002,61675754.98
20200531,ACT,BS003,17141880.24
20200531,ACT,BS004,10713675.15
20200531,ACT,BS005,14999145.21
20200531,ACT,BS006,531026.84
20200531,ACT,BS007,347591.1
20200531,ACT,BS010,457706473.44
20200531,ACT,BS011,-166568214.61
20200531,ACT,BS012,30147057.74
20200531,ACT,BS013,120000000
20200531,ACT,BS014,178620.32
20200531,ACT,BS020,24615893.85
20200531,ACT,BS021,50000000
20200531,ACT,BS022,12800000.0
20200531,ACT,BS023,868401.02
20200531,ACT,BS024,415638.26
20200531,ACT,BS025,278999.84
20200531,ACT,BS030,243200000.0
20200531,ACT,BS031,46280292.0
20200531,ACT,BS032,350285.62
20200531,ACT,BS040,150000000
20200531,ACT,BS041,199519677.7
20200531,ACT,BS042,-89460980.07
20200630,ACT,BS001,87324173.32
20200630,ACT,BS002,61500749.35
20200630,ACT,BS003,17758694.13
20200630,ACT,BS004,11099183.83
20200630,ACT,BS005,15538857.37
20200630,ACT,BS006,548577.31
20200630,ACT,BS007,355678.1
20200630,ACT,BS010,459277959.65
20200630,ACT,BS011,-168387576.77
20200630,ACT,BS012,29883523.89
20200630,ACT,BS013,120000000
20200630,ACT,BS014,178478.5
20200630,ACT,BS020,25715994.05
20200630,ACT,BS021,50000000
20200630,ACT,BS022,12600000.0
20200630,ACT,BS023,889356.19
20200630,ACT,BS024,454302.85
20200630,ACT,BS025,279570.87
20200630,ACT,BS030,239400000.0
20200630,ACT,BS031,46356727.67
20200630,ACT,BS032,354450.46
20200630,ACT,BS040,150000000
20200630,ACT,BS041,199290468.86
20200630,ACT,BS042,-90262572.27
20200731,ACT,BS001,104502508.85
20200731,ACT,BS002,50950837.22
20200731,ACT,BS003,14434599.69
20200731,ACT,BS004,9021624.81
20200731,ACT,BS005,12630274.73
20200731,ACT,BS006,436830.55
20200731,ACT,BS007,284124.66
20200731,ACT,BS010,460496371.68
20200731,ACT,BS011,-170190947.57
20200731,ACT,BS012,29622293.75
20200731,ACT,BS013,120000000
20200731,ACT,BS014,144573.27
20200731,ACT,BS020,20659716.07
20200731,ACT,BS021,50000000
20200731,ACT,BS022,12600000.0
20200731,ACT,BS023,723307.19
20200731,ACT,BS024,327412.35
20200731,ACT,BS025,230829.08
20200731,ACT,BS030,239400000.0
20200731,ACT,BS031,46433289.57
20200731,ACT,BS032,292359.36
20200731,ACT,BS040,150000000
20200731,ACT,BS041,202595278.71
20200731,ACT,BS042,-90929100.69
20200831,ACT,BS001,112264856.79
20200831,ACT,BS002,47928679.2
20200831,ACT,BS003,13427255.56
20200831,ACT,BS004,8392034.73
20200831,ACT,BS005,11748848.62
20200831,ACT,BS006,425456.13
20200831,ACT,BS007,273732.96
20200831,ACT,BS010,461659648.35
20200831,ACT,BS011,-171991262.34
20200831,ACT,BS012,29363347.18
20200831,ACT,BS013,120000000
20200831,ACT,BS014,137861.11
20200831,ACT,BS020,19356320.49
20200831,ACT,BS021,50000000
20200831,ACT,BS022,12600000.0
20200831,ACT,BS023,688791.23
20200831,ACT,BS024,303205.17
20200831,ACT,BS025,219071.03
20200831,ACT,BS030,239400000.0
20200831,ACT,BS031,46509977.92
20200831,ACT,BS032,287441.58
20200831,ACT,BS040,150000000
20200831,ACT,BS041,205808684.3
20200831,ACT,BS042,-91543033.43
20200930,ACT,BS001,88861661.48
20200930,ACT,BS002,63223788.57
20200930,ACT,BS003,17141714.87
20200930,ACT,BS004,10713571.79
20200930,ACT,BS005,14999000.51
20200930,ACT,BS006,544377.7
20200930,ACT,BS007,354037.12
20200930,ACT,BS010,463194290.37
20200930,ACT,BS011,-173810861.69
20200930,ACT,BS012,29106664.22
20200930,ACT,BS013,120000000
20200930,ACT,BS014,175293.71
20200930,ACT,BS020,24619695.32
20200930,ACT,BS021,50000000
20200930,ACT,BS022,12400000.0
20200930,ACT,BS023,897143.61
20200930,ACT,BS024,463012.23
20200930,ACT,BS025,282452.95
20200930,ACT,BS030,235600000.0
20200930,ACT,BS031,46586792.93
20200930,ACT,BS032,367346.6
20200930,ACT,BS040,150000000
20200930,ACT,BS041,205566406.29
20200930,ACT,BS042,-92279311.28
20201031,ACT,BS001,91386511.56
20201031,ACT,BS002,62980964.87
20201031,ACT,BS003,18454223.34
20201031,ACT,BS004,11533889.59
20201031,ACT,BS005,16147445.42
20201031,ACT,BS006,551172.66
20201031,ACT,BS007,376241.07
20201031,ACT,BS010,464727772.87
20201031,ACT,BS011,-175619031.59
20201031,ACT,BS012,28852225.09
20201031,ACT,BS013,120000000
20201031,ACT,BS014,181817.75
20201031,ACT,BS020,25904756.35
20201031,ACT,BS021,50000000
20201031,ACT,BS022,12400000.0
20201031,ACT,BS023,930285.16
20201031,ACT,BS024,450765.46
20201031,ACT,BS025,289072.21
20201031,ACT,BS030,235600000.0
20201031,ACT,BS031,46663734.81
20201031,ACT,BS032,381399.61
20201031,ACT,BS040,150000000
20201031,ACT,BS041,210239502.92
20201031,ACT,BS042,-93286283.89
20201130,ACT,BS001,92177175.15
20201130,ACT,BS002,67259216.33
20201130,ACT,BS003,18738500.92
20201130,ACT,BS004,11711563.08
20201130,ACT,BS005,16396188.31
20201130,ACT,BS006,580812.56
20201130,ACT,BS007,390483.15
20201130,ACT,BS010,466335940.66
20201130,ACT,BS011,-177458873.31
20201130,ACT,BS012,28600010.16
20201130,ACT,BS013,120000000
20201130,ACT,BS014,192202.9
20201130,ACT,BS020,26823843.96
20201130,ACT,BS021,50000000
20201130,ACT,BS022,12400000.0
20201130,ACT,BS023,947358.03
20201130,ACT,BS024,516903.59
20201130,ACT,BS025,302892.9
20201130,ACT,BS030,235600000.0
20201130,ACT,BS031,46740803.76
20201130,ACT,BS032,383326.06
20201130,ACT,BS040,150000000
20201130,ACT,BS041,215401754.07
20201130,ACT,BS042,-94193662.46
20201231,ACT,BS001,80531004.28
20201231,ACT,BS002,71332508.33
20201231,ACT,BS003,20624235.99
20201231,ACT,BS004,12890147.49
20201231,ACT,BS005,18046206.49
20201231,ACT,BS006,615235.14
20201231,ACT,BS007,408454.09
20201231,ACT,BS010,468139952.79
20201231,ACT,BS011,-179260628.4
20201231,ACT,BS012,28350000.0
20201231,ACT,BS013,120000000
20201231,ACT,BS014,208883.92
20201231,ACT,BS020,28549686.66
20201231,ACT,BS021,50000000
20201231,ACT,BS022,12200000.0
20201231,ACT,BS023,1052325.3
20201231,ACT,BS024,556359.23
20201231,ACT,BS025,324814.71
20201231,ACT,BS030,231800000.0
20201231,ACT,BS031,46818000.0
20201231,ACT,BS032,410929.99
20201231,ACT,BS040,150000000
20201231,ACT,BS041,215117904.91
20201231,ACT,BS042,-94944020.68
20210131,ACT,BS001,108241472.11
20210131,ACT,BS002,53633684.34
20210131,ACT,BS003,15523234.4
20210131,ACT,BS004,9702021.5
20210131,ACT,BS005,13582830.1
20210131,ACT,BS006,468086.7
20210131,ACT,BS007,314759.99
20210131,ACT,BS010,469498187.89
20210131,ACT,BS011,-181163730.56
20210131,ACT,BS012,28102175.33
20210131,ACT,BS013,120000000
20210131,ACT,BS014,157330.17
20210131,ACT,BS020,22399847.31
20210131,ACT,BS021,50000000
20210131,ACT,BS022,12200000.0
20210131,ACT,BS023,774501.39
20210131,ACT,BS024,368883.88
20210131,ACT,BS025,245367.28
20210131,ACT,BS030,231800000.0
20210131,ACT,BS031,46895323.73
20210131,ACT,BS032,312448.06
20210131,ACT,BS040,150000000
20210131,ACT,BS041,218820369.02
20210131,ACT,BS042,-95756688.7
20210228,ACT,BS001,108133779.17
20210228,ACT,BS002,56405932.42
20210228,ACT,BS003,16061345.75
20210228,ACT,BS004,10038341.09
20210228,ACT,BS005,14053677.53
20210228,ACT,BS006,493530.15
20210228,ACT,BS007,324380.06
20210228,ACT,BS010,470785518.05
20210228,ACT,BS011,-183074652.64
20210228,ACT,BS012,27856517.05
20210228,ACT,BS013,120000000
20210228,ACT,BS014,162131.04
20210228,ACT,BS020,22637140.36
20210228,ACT,BS021,50000000
20210228,ACT,BS022,12200000.0
20210228,ACT,BS023,817825.22
20210228,ACT,BS024,373375.6
20210228,ACT,BS025,262068.75
20210228,ACT,BS030,231800000.0
20210228,ACT,BS031,46972775.17
20210228,ACT,BS032,332209.94
20210228,ACT,BS040,150000000
20210228,ACT,BS041,222721434.92
20210228,ACT,BS042,-96876330.29
20210331,ACT,BS001,95871080.9
20210331,ACT,BS002,63150969.27
20210331,ACT,BS003,17459956.92
20210331,ACT,BS004,10912473.08
20210331,ACT,BS005,15277462.31
20210331,ACT,BS006,543063.27
20210331,ACT,BS007,371431.95
20210331,ACT,BS010,472390508.69
20210331,ACT,BS011,-184961853.41
20210331,ACT,BS012,27613006.21
20210331,ACT,BS013,120000000
20210331,ACT,BS014,180537.03
20210331,ACT,BS020,25295921.63
20210331,ACT,BS021,50000000
20210331,ACT,BS022,12000000.0
20210331,ACT,BS023,911874.07
20210331,ACT,BS024,459773.01
20210331,ACT,BS025,292208.03
20210331,ACT,BS030,228000000.0
20210331,ACT,BS031,47050354.53
20210331,ACT,BS032,370899.25
20210331,ACT,BS040,150000000
20210331,ACT,BS041,222488422.43
20210331,ACT,BS042,-98060816.73
20210430,ACT,BS001,102329074.64
20210430,ACT,BS002,60979479.4
20210430,ACT,BS003,16972649.77
20210430,ACT,BS004,10607906.11
20210430,ACT,BS005,14851068.55
20210430,ACT,BS006,525229.06
20210430,ACT,BS007,352566.47
20210430,ACT,BS010,473865275.88
20210430,ACT,BS011,-186868010.98
20210430,ACT,BS012,27371624.05
20210430,ACT,BS013,120000000
20210430,ACT,BS014,171751.31
20210430,ACT,BS020,24204182.86
20210430,ACT,BS021,50000000
20210430,ACT,BS022,12000000.0
20210430,ACT,BS023,863499.03
20210430,ACT,BS024,426679.46
20210430,ACT,BS025,275747.57
20210430,ACT,BS030,228000000.0
20210430,ACT,BS031,47128062.02
20210430,ACT,BS032,337817.06
20210430,ACT,BS040,150000000
20210430,ACT,BS041,226823215.44
20210430,ACT,BS042,-98900589.18
20210531,ACT,BS001,103924271.94
20210531,ACT,BS002,63229949.0
20210531,ACT,BS003,17562007.15
20210531,ACT,BS004,10976254.47
20210531,ACT,BS005,15366756.25
20210531,ACT,BS006,540665.29
20210531,ACT,BS007,351316.56
20210531,ACT,BS010,475419259.46
20210531,ACT,BS011,-188781437.65
20210531,ACT,BS012,27132351.96
20210531,ACT,BS013,120000000
20210531,ACT,BS014,179407.1
20210531,ACT,BS020,25320185.13
20210531,ACT,BS021,50000000
20210531,ACT,BS022,12000000.0
20210531,ACT,BS023,909658.0
20210531,ACT,BS024,450700.44
20210531,ACT,BS025,292591.51
20210531,ACT,BS030,228000000.0
20210531,ACT,BS031,47205897.84
20210531,ACT,BS032,353089.24
20210531,ACT,BS040,150000000
20210531,ACT,BS041,231418898.32
20210531,ACT,BS042,-100050218.95
20210630,ACT,BS001,98716751.86
20210630,ACT,BS002,63504575.14
20210630,ACT,BS003,18247889.12
20210630,ACT,BS004,11404930.7
20210630,ACT,BS005,15966902.98
20210630,ACT,BS006,547225.02
20210630,ACT,BS007,382083.29
20210630,ACT,BS010,476929114.21
20210630,ACT,BS011,-190674832.07
20210630,ACT,BS012,26895171.5
20210630,ACT,BS013,120000000
20210630,ACT,BS014,181716.09
20210630,ACT,BS020,26360780.86
20210630,ACT,BS021,50000000
20210630,ACT,BS022,11800000.0
20210630,ACT,BS023,919258.29
20210630,ACT,BS024,465593.65
20210630,ACT,BS025,291773.56
20210630,ACT,BS030,224200000.0
20210630,ACT,BS031,47283862.22
20210630,ACT,BS032,374251.7
20210630,ACT,BS040,150000000
20210630,ACT,BS041,231172134.66
20210630,ACT,BS042,-100766127.1
20210731,ACT,BS001,108465515.5
20210731,ACT,BS002,56960616.47
20210731,ACT,BS003,18567059.42
20210731,ACT,BS004,11604412.13
20210731,ACT,BS005,16246176.99
20210731,ACT,BS006,534560.18
20210731,ACT,BS007,350175.73
20210731,ACT,BS010,478488646.1
20210731,ACT,BS011,-192605794.01
20210731,ACT,BS012,26660064.37
20210731,ACT,BS013,120000000
20210731,ACT,BS014,180286.55
20210731,ACT,BS020,27338707.32
20210731,ACT,BS021,50000000
20210731,ACT,BS022,11800000.0
20210731,ACT,BS023,888608.01
20210731,ACT,BS024,322997.59
20210731,ACT,BS025,287443.58
20210731,ACT,BS030,224200000.0
20210731,ACT,BS031,47361955.36
20210731,ACT,BS032,354125.98
20210731,ACT,BS040,150000000
20210731,ACT,BS041,234475604.62
20210731,ACT,BS042,-101577723.03
20210831,ACT,BS001,114501201.23
20210831,ACT,BS002,54742297.24
20210831,ACT,BS003,17650258.95
20210831,ACT,BS004,11031411.84
20210831,ACT,BS005,15443976.58
20210831,ACT,BS006,524968.2
20210831,ACT,BS007,345047.45
20210831,ACT,BS010,479960616.58
20210831,ACT,BS011,-194490433.28
20210831,ACT,BS012,26427012.46
20210831,ACT,BS013,120000000
20210831,ACT,BS014,168451.08
20210831,ACT,BS020,26031407.84
20210831,ACT,BS021,50000000
20210831,ACT,BS022,11800000.0
20210831,ACT,BS023,854179.98
20210831,ACT,BS024,310924.36
20210831,ACT,BS025,286016.54
20210831,ACT,BS030,224200000.0
20210831,ACT,BS031,47440177.48
20210831,ACT,BS032,352334.1
20210831,ACT,BS040,150000000
20210831,ACT,BS041,237658057.76
20210831,ACT,BS042,-102628289.73
20210930,ACT,BS001,88397108.36
20210930,ACT,BS002,70938559.0
20210930,ACT,BS003,23077111.12
20210930,ACT,BS004,14423194.45
20210930,ACT,BS005,20192472.23
20210930,ACT,BS006,668663.17
20210930,ACT,BS007,438502.06
20210930,ACT,BS010,481821928.57
20210930,ACT,BS011,-196385229.23
20210930,ACT,BS012,26195997.8
20210930,ACT,BS013,120000000
20210930,ACT,BS014,227961.51
20210930,ACT,BS020,34156767.63
20210930,ACT,BS021,50000000
20210930,ACT,BS022,11600000.0
20210930,ACT,BS023,1106799.08
20210930,ACT,BS024,434807.79
20210930,ACT,BS025,351389.02
20210930,ACT,BS030,220400000.0
20210930,ACT,BS031,47518528.79
20210930,ACT,BS032,444793.29
20210930,ACT,BS040,150000000
20210930,ACT,BS041,237428558.86
20210930,ACT,BS042,-103445375.42
20211031,ACT,BS001,93227565.71
20211031,ACT,BS002,71224799.44
20211031,ACT,BS003,23040096.35
20211031,ACT,BS004,14400060.22
20211031,ACT,BS005,20160084.31
20211031,ACT,BS006,668513.82
20211031,ACT,BS007,468270.3
20211031,ACT,BS010,483882546.1
20211031,ACT,BS011,-198253934.89
20211031,ACT,BS012,25967002.58
20211031,ACT,BS013,120000000
20211031,ACT,BS014,221643.59
20211031,ACT,BS020,35293862.22
20211031,ACT,BS021,50000000
20211031,ACT,BS022,11600000.0
20211031,ACT,BS023,1145885.09
20211031,ACT,BS024,452561.27
20211031,ACT,BS025,364828.05
20211031,ACT,BS030,220400000.0
20211031,ACT,BS031,47597009.51
20211031,ACT,BS032,465364.73
20211031,ACT,BS040,150000000
20211031,ACT,BS041,242019357.09
20211031,ACT,BS042,-104332220.43
20211130,ACT,BS001,93610602.34
20211130,ACT,BS002,73687885.01
20211130,ACT,BS003,24008597.52
20211130,ACT,BS004,15005373.45
20211130,ACT,BS005,21007522.83
20211130,ACT,BS006,721063.66
20211130,ACT,BS007,462047.97
20211130,ACT,BS010,485932887.32
20211130,ACT,BS011,-200161950.12
20211130,ACT,BS012,25740009.15
20211130,ACT,BS013,120000000
20211130,ACT,BS014,240984.59
20211130,ACT,BS020,36155123.66
20211130,ACT,BS021,50000000
20211130,ACT,BS022,11600000.0
20211130,ACT,BS023,1199335.6
20211130,ACT,BS024,486222.93
20211130,ACT,BS025,372521.9
20211130,ACT,BS030,220400000.0
20211130,ACT,BS031,47675619.84
20211130,ACT,BS032,482707.07
20211130,ACT,BS040,150000000
20211130,ACT,BS041,247006627.27
20211130,ACT,BS042,-105123134.55
20211231,ACT,BS001,82330528.53
20211231,ACT,BS002,79160016.81
20211231,ACT,BS003,25744079.9
20211231,ACT,BS004,16090049.94
20211231,ACT,BS005,22526069.91
20211231,ACT,BS006,749743.03
20211231,ACT,BS007,511155.43
20211231,ACT,BS010,488159500.2
20211231,ACT,BS011,-202077683.95
20211231,ACT,BS012,25515000.0
20211231,ACT,BS013,120000000
20211231,ACT,BS014,256527.41
20211231,ACT,BS020,39738641.67
20211231,ACT,BS021,50000000
20211231,ACT,BS022,11400000.0
20211231,ACT,BS023,1265807.83
20211231,ACT,BS024,566576.44
20211231,ACT,BS025,409582.82
20211231,ACT,BS030,216600000.0
20211231,ACT,BS031,47754360.0
20211231,ACT,BS032,497611.37
20211231,ACT,BS040,150000000
20211231,ACT,BS041,246721916.51
20211231,ACT,BS042,-105989509.43
20220131,ACT,BS001,108822602.1
20220131,ACT,BS002,60309106.05
20220131,ACT,BS003,19945683.56
20220131,ACT,BS004,12466052.22
20220131,ACT,BS005,17452473.11
20220131,ACT,BS006,579445.28
20220131,ACT,BS007,390918.38
20220131,ACT,BS010,489910094.86
20220131,ACT,BS011,-204089941.85
20220131,ACT,BS012,25291957.8
20220131,ACT,BS013,120000000
20220131,ACT,BS014,190637.37
20220131,ACT,BS020,29371017.85
20220131,ACT,BS021,50000000
20220131,ACT,BS022,11400000.0
20220131,ACT,BS023,963879.48
20220131,ACT,BS024,364756.01
20220131,ACT,BS025,313052.14
20220131,ACT,BS030,216600000.0
20220131,ACT,BS031,47833230.21
20220131,ACT,BS032,383875.35
20220131,ACT,BS040,150000000
20220131,ACT,BS041,250391205.66
20220131,ACT,BS042,-106351987.82
20220228,ACT,BS001,74093561.39
20220228,ACT,BS002,80100205.13
20220228,ACT,BS003,29549128.42
20220228,ACT,BS004,18468205.26
20220228,ACT,BS005,25855487.37
20220228,ACT,BS006,613782.79
20220228,ACT,BS007,425391.12
20220228,ACT,BS010,491654519.59
20220228,ACT,BS011,-206063149.4
20220228,ACT,BS012,25070865.34
20220228,ACT,BS013,120000000
20220228,ACT,BS014,206497.08
20220228,ACT,BS020,38110792.29
20220228,ACT,BS021,50000000
20220228,ACT,BS022,11400000.0
20220228,ACT,BS023,1045679.64
20220228,ACT,BS024,27361.8
20220228,ACT,BS025,324662.99
20220228,ACT,BS030,216600000.0
20220228,ACT,BS031,47912230.68
20220228,ACT,BS032,420583.76
20220228,ACT,BS040,150000000
20220228,ACT,BS041,250676388.45
20220228,ACT,BS042,-106543205.52
20220331,ACT,BS001,59099765.35
20220331,ACT,BS002,86933908.41
20220331,ACT,BS003,33007481.22
20220331,ACT,BS004,20629675.76
20220331,ACT,BS005,28881546.07
20220331,ACT,BS006,689882.1
20220331,ACT,BS007,453999.9
20220331,ACT,BS010,493673848.03
20220331,ACT,BS011,-208085468.98
20220331,ACT,BS012,24851705.59
20220331,ACT,BS013,120000000
20220331,ACT,BS014,230036.88
20220331,ACT,BS020,43102512.3
20220331,ACT,BS021,50000000
20220331,ACT,BS022,11200000.0
20220331,ACT,BS023,1164289.86
20220331,ACT,BS024,36401.85
20220331,ACT,BS025,374127.18
20220331,ACT,BS030,212800000.0
20220331,ACT,BS031,47991361.62
20220331,ACT,BS032,475136.75
20220331,ACT,BS040,150000000
20220331,ACT,BS041,250657733.69
20220331,ACT,BS042,-107435182.92
20220430,ACT,BS001,65734936.23
20220430,ACT,BS002,83906185.43
20220430,ACT,BS003,31219110.06
20220430,ACT,BS004,19511943.78
20220430,ACT,BS005,27316721.3
20220430,ACT,BS006,647465.64
20220430,ACT,BS007,444714.2
20220430,ACT,BS010,495544934.29
20220430,ACT,BS011,-210090042.38
20220430,ACT,BS012,24634461.65
20220430,ACT,BS013,120000000
20220430,ACT,BS014,224274.41
20220430,ACT,BS020,41914204.12
20220430,ACT,BS021,50000000
20220430,ACT,BS022,11200000.0
20220430,ACT,BS023,1100490.26
20220430,ACT,BS024,53874.88
20220430,ACT,BS025,356859.05
20220430,ACT,BS030,212800000.0
20220430,ACT,BS031,48070623.26
20220430,ACT,BS032,446506.41
20220430,ACT,BS040,150000000
20220430,ACT,BS041,251204491.33
20220430,ACT,BS042,-108052344.7
20220531,ACT,BS001,60750188.84
20220531,ACT,BS002,86777002.1
20220531,ACT,BS003,32877253.33
20220531,ACT,BS004,20548283.33
20220531,ACT,BS005,28767596.66
20220531,ACT,BS006,684408.62
20220531,ACT,BS007,461038.96
20220531,ACT,BS010,497498280.03
20220531,ACT,BS011,-212099414.89
20220531,ACT,BS012,24419116.77
20220531,ACT,BS013,120000000
20220531,ACT,BS014,225016.31
20220531,ACT,BS020,43785479.02
20220531,ACT,BS021,50000000
20220531,ACT,BS022,11200000.0
20220531,ACT,BS023,1162125.89
20220531,ACT,BS024,36508.93
20220531,ACT,BS025,363309.82
20220531,ACT,BS030,212800000.0
20220531,ACT,BS031,48150015.8
20220531,ACT,BS032,450322.21
20220531,ACT,BS040,150000000
20220531,ACT,BS041,251583104.06
20220531,ACT,BS042,-108622095.67
20220630,ACT,BS001,25636379.43
20220630,ACT,BS002,91179965.09
20220630,ACT,BS003,33359614.12
20220630,ACT,BS004,20849758.82
20220630,ACT,BS005,29189662.35
20220630,ACT,BS006,709581.62
20220630,ACT,BS007,478955.1
20220630,ACT,BS010,499521139.07
20220630,ACT,BS011,-214089128.86
20220630,ACT,BS012,24205654.35
20220630,ACT,BS013,120000000
20220630,ACT,BS014,241521.73
20220630,ACT,BS020,43833459.15
20220630,ACT,BS021,50000000
20220630,ACT,BS022,11000000.0
20220630,ACT,BS023,1182365.66
20220630,ACT,BS024,59313.5
20220630,ACT,BS025,377183.78
20220630,ACT,BS030,209000000.0
20220630,ACT,BS031,48229539.46
20220630,ACT,BS032,465496.79
20220630,ACT,BS040,150000000
20220630,ACT,BS041,251552618.66
20220630,ACT,BS042,-134416874.18
20220731,ACT,BS001,52467035.46
20220731,ACT,BS002,73936492.43
20220731,ACT,BS003,26129168.17
20220731,ACT,BS004,16330730.1
20220731,ACT,BS005,22863022.15
20220731,ACT,BS006,584679.72
20220731,ACT,BS007,387659.18
20220731,ACT,BS010,501101628.06
20220731,ACT,BS011,-216082978.95
20220731,ACT,BS012,23994057.94
20220731,ACT,BS013,120000000
20220731,ACT,BS014,198929.32
20220731,ACT,BS020,35419162.61
20220731,ACT,BS021,50000000
20220731,ACT,BS022,11000000.0
20220731,ACT,BS023,969651.09
20220731,ACT,BS024,35153.06
20220731,ACT,BS025,301901.19
20220731,ACT,BS030,209000000.0
20220731,ACT,BS031,48309194.47
20220731,ACT,BS032,392532.01
20220731,ACT,BS040,150000000
20220731,ACT,BS041,251905430.92
20220731,ACT,BS042,-135422601.77
20220831,ACT,BS001,54681000.02
20220831,ACT,BS002,70444940.16
20220831,ACT,BS003,26258180.39
20220831,ACT,BS004,16411362.74
20220831,ACT,BS005,22975907.84
20220831,ACT,BS006,560330.66
20220831,ACT,BS007,368064.72
20220831,ACT,BS010,502639671.35
20220831,ACT,BS011,-218097858.16
20220831,ACT,BS012,23784311.22
20220831,ACT,BS013,120000000
20220831,ACT,BS014,180583.18
20220831,ACT,BS020,34314142.98
20220831,ACT,BS021,50000000
20220831,ACT,BS022,11000000.0
20220831,ACT,BS023,931711.54
20220831,ACT,BS024,7770.84
20220831,ACT,BS025,296441.36
20220831,ACT,BS030,209000000.0
20220831,ACT,BS031,48388981.03
20220831,ACT,BS032,367353.25
20220831,ACT,BS040,150000000
20220831,ACT,BS041,251983991.95
20220831,ACT,BS042,-136083898.83
20220930,ACT,BS001,26042749.31
20220930,ACT,BS002,89126586.43
20220930,ACT,BS003,32591143.54
20220930,ACT,BS004,20369464.71
20220930,ACT,BS005,28517250.6
20220930,ACT,BS006,692320.49
20220930,ACT,BS007,481519.81
20220930,ACT,BS010,504690649.88
20220930,ACT,BS011,-220105644.65
20220930,ACT,BS012,23576398.02
20220930,ACT,BS013,120000000
20220930,ACT,BS014,237165.73
20220930,ACT,BS020,44474353.85
20220930,ACT,BS021,50000000
20220930,ACT,BS022,10800000.0
20220930,ACT,BS023,1186411.57
20220930,ACT,BS024,86422.04
20220930,ACT,BS025,376507.76
20220930,ACT,BS030,205200000.0
20220930,ACT,BS031,48468899.37
20220930,ACT,BS032,466838.66
20220930,ACT,BS040,150000000
20220930,ACT,BS041,251939961.41
20220930,ACT,BS042,-136779790.79
20221031,ACT,BS001,18712328.96
20221031,ACT,BS002,92638998.42
20221031,ACT,BS003,34119698.48
20221031,ACT,BS004,21324811.55
20221031,ACT,BS005,29854736.17
20221031,ACT,BS006,743098.52
20221031,ACT,BS007,483034.01
20221031,ACT,BS010,506832616.91
20221031,ACT,BS011,-222108626.82
20221031,ACT,BS012,23370302.32
20221031,ACT,BS013,120000000
20221031,ACT,BS014,242946.44
20221031,ACT,BS020,44638664.0
20221031,ACT,BS021,50000000
20221031,ACT,BS022,10800000.0
20221031,ACT,BS023,1223003.92
20221031,ACT,BS024,63617.34
20221031,ACT,BS025,383018.25
20221031,ACT,BS030,205200000.0
20221031,ACT,BS031,48548949.7
20221031,ACT,BS032,493672.13
20221031,ACT,BS040,150000000
20221031,ACT,BS041,252577122.8
20221031,ACT,BS042,-137714103.18
20221130,ACT,BS001,15101446.35
20221130,ACT,BS002,97552041.89
20221130,ACT,BS003,34814703.08
20221130,ACT,BS004,21759189.42
20221130,ACT,BS005,30462865.19
20221130,ACT,BS006,760685.47
20221130,ACT,BS007,512080.86
20221130,ACT,BS010,508976572.44
20221130,ACT,BS011,-224101042.18
20221130,ACT,BS012,23166008.23
20221130,ACT,BS013,120000000
20221130,ACT,BS014,253949.39
20221130,ACT,BS020,47235274.38
20221130,ACT,BS021,50000000
20221130,ACT,BS022,10800000.0
20221130,ACT,BS023,1256737.47
20221130,ACT,BS024,98372.78
20221130,ACT,BS025,396749.67
20221130,ACT,BS030,205200000.0
20221130,ACT,BS031,48629132.23
20221130,ACT,BS032,505659.85
20221130,ACT,BS040,150000000
20221130,ACT,BS041,253602118.17
20221130,ACT,BS042,-138465544.41
20221231,ACT,BS001,22359067.87
20221231,ACT,BS002,102724667.52
20221231,ACT,BS003,37098844.64
20221231,ACT,BS004,23186777.9
20221231,ACT,BS005,32461489.06
20221231,ACT,BS006,830974.43
20221231,ACT,BS007,543600.19
20221231,ACT,BS010,511389043.92
20221231,ACT,BS011,-226083845.81
20221231,ACT,BS012,22963500.0
20221231,ACT,BS013,120000000
20221231,ACT,BS014,280895.19
20221231,ACT,BS020,50086143.31
20221231,ACT,BS021,70000000
20221231,ACT,BS022,10600000.0
20221231,ACT,BS023,1356762.01
20221231,ACT,BS024,134331.8
20221231,ACT,BS025,429882.8
20221231,ACT,BS030,201400000.0
20221231,ACT,BS031,48709447.2
20221231,ACT,BS032,537646.12
20221231,ACT,BS040,150000000
20221231,ACT,BS041,253534969.64
20221231,ACT,BS042,-139034167.97
20230131,ACT,BS001,97600262.54
20230131,ACT,BS002,77295964.86
20230131,ACT,BS003,28168212.14
20230131,ACT,BS004,17605132.59
20230131,ACT,BS005,24647185.62
20230131,ACT,BS006,601439.5
20230131,ACT,BS007,405968.71
20230131,ACT,BS010,513244894.92
20230131,ACT,BS011,-228178689.16
20230131,ACT,BS012,22762762.02
20230131,ACT,BS013,120000000
20230131,ACT,BS014,204671.57
20230131,ACT,BS020,37314600.15
20230131,ACT,BS021,70000000
20230131,ACT,BS022,10600000.0
20230131,ACT,BS023,1045379.84
20230131,ACT,BS024,39452.28
20230131,ACT,BS025,323099.53
20230131,ACT,BS030,201400000.0
20230131,ACT,BS031,48789894.81
20230131,ACT,BS032,421088.64
20230131,ACT,BS040,150000000
20230131,ACT,BS041,253929291.0
20230131,ACT,BS042,-99505000.94
20230228,ACT,BS001,93280352.16
20230228,ACT,BS002,81502043.98
20230228,ACT,BS003,29418895.66
20230228,ACT,BS004,18386809.79
20230228,ACT,BS005,25741533.71
20230228,ACT,BS006,638247.91
20230228,ACT,BS007,427772.45
20230228,ACT,BS010,515179584.25
20230228,ACT,BS011,-230288801.61
20230228,ACT,BS012,22563778.81
20230228,ACT,BS013,120000000
20230228,ACT,BS014,220924.39
20230228,ACT,BS020,40076313.0
20230228,ACT,BS021,70000000
20230228,ACT,BS022,12600000.0
20230228,ACT,BS023,1069895.76
20230228,ACT,BS024,34945.13
20230228,ACT,BS025,340700.15
20230228,ACT,BS030,239400000.0
20230228,ACT,BS031,48870475.29
20230228,ACT,BS032,422169.69
20230228,ACT,BS040,150000000
20230228,ACT,BS041,254293736.44
20230228,ACT,BS042,-140037093.96
20230331,ACT,BS001,75209364.7
20230331,ACT,BS002,90534492.89
20230331,ACT,BS003,33188856.17
20230331,ACT,BS004,20743035.1
20230331,ACT,BS005,29040249.14
20230331,ACT,BS006,726761.78
20230331,ACT,BS007,464927.89
20230331,ACT,BS010,517257149.07
20230331,ACT,BS011,-232354865.26
20230331,ACT,BS012,22366535.03
20230331,ACT,BS013,120000000
20230331,ACT,BS014,233874.36
20230331,ACT,BS020,44695935.78
20230331,ACT,BS021,70000000
20230331,ACT,BS022,12400000.0
20230331,ACT,BS023,1182763.93
20230331,ACT,BS024,39062.13
20230331,ACT,BS025,372597.19
20230331,ACT,BS030,235600000.0
20230331,ACT,BS031,48951188.85
20230331,ACT,BS032,473112.75
20230331,ACT,BS040,150000000
20230331,ACT,BS041,254273326.04
20230331,ACT,BS042,-140577605.8
20230430,ACT,BS001,80623799.05
20230430,ACT,BS002,86143558.07
20230430,ACT,BS003,31826912.72
20230430,ACT,BS004,19891820.45
20230430,ACT,BS005,27848548.63
20230430,ACT,BS006,684420.67
20230430,ACT,BS007,450509.8
20230430,ACT,BS010,519267841.1
20230430,ACT,BS011,-234427306.08
20230430,ACT,BS012,22171015.48
20230430,ACT,BS013,120000000
20230430,ACT,BS014,228894.96
20230430,ACT,BS020,42290087.43
20230430,ACT,BS021,70000000
20230430,ACT,BS022,12400000.0
20230430,ACT,BS023,1158954.62
20230430,ACT,BS024,42191.24
20230430,ACT,BS025,370854.91
20230430,ACT,BS030,235600000.0
20230430,ACT,BS031,49032035.72
20230430,ACT,BS032,462740.56
20230430,ACT,BS040,150000000
20230430,ACT,BS041,254711945.77
20230430,ACT,BS042,-141358795.4
20230531,ACT,BS001,75224990.29
20230531,ACT,BS002,89137330.61
20230531,ACT,BS003,33553399.69
20230531,ACT,BS004,20970874.81
20230531,ACT,BS005,29359224.73
20230531,ACT,BS006,731350.23
20230531,ACT,BS007,471815.55
20230531,ACT,BS010,521453248.01
20230531,ACT,BS011,-236511560.29
20230531,ACT,BS012,21977205.09
20230531,ACT,BS013,120000000
20230531,ACT,BS014,243602.71
20230531,ACT,BS020,44144859.47
20230531,ACT,BS021,70000000
20230531,ACT,BS022,12400000.0
20230531,ACT,BS023,1186064.35
20230531,ACT,BS024,48179.19
20230531,ACT,BS025,375530.03
20230531,ACT,BS030,235600000.0
20230531,ACT,BS031,49113016.12
20230531,ACT,BS032,484058.39
20230531,ACT,BS040,150000000
20230531,ACT,BS041,255196358.5
20230531,ACT,BS042,-141936584.62
20230630,ACT,BS001,67964274.95
20230630,ACT,BS002,92625772.1
20230630,ACT,BS003,33784006.13
20230630,ACT,BS004,21115003.83
20230630,ACT,BS005,29561005.36
20230630,ACT,BS006,750199.07
20230630,ACT,BS007,481406.76
20230630,ACT,BS010,523524917.04
20230630,ACT,BS011,-238601361.11
20230630,ACT,BS012,21785088.91
20230630,ACT,BS013,120000000
20230630,ACT,BS014,252729.31
20230630,ACT,BS020,45184445.68
20230630,ACT,BS021,70000000
20230630,ACT,BS022,12200000.0
20230630,ACT,BS023,1232668.34
20230630,ACT,BS024,80310.74
20230630,ACT,BS025,402514.59
20230630,ACT,BS030,231800000.0
20230630,ACT,BS031,49194130.25
20230630,ACT,BS032,490056.84
20230630,ACT,BS040,150000000
20230630,ACT,BS041,255155399.77
20230630,ACT,BS042,-142496483.86
20230731,ACT,BS001,92250461.5
20230731,ACT,BS002,75763535.07
20230731,ACT,BS003,27457014.08
20230731,ACT,BS004,17160633.8
20230731,ACT,BS005,24024887.32
20230731,ACT,BS006,608667.32
20230731,ACT,BS007,402272.27
20230731,ACT,BS010,525173850.32
20230731,ACT,BS011,-240719413.74
20230731,ACT,BS012,21594652.14
20230731,ACT,BS013,120000000
20230731,ACT,BS014,203760.79
20230731,ACT,BS020,36728928.71
20230731,ACT,BS021,70000000
20230731,ACT,BS022,12200000.0
20230731,ACT,BS023,996786.9
20230731,ACT,BS024,31273.93
20230731,ACT,BS025,328017.12
20230731,ACT,BS030,231800000.0
20230731,ACT,BS031,49275378.36
20230731,ACT,BS032,402675.52
20230731,ACT,BS040,150000000
20230731,ACT,BS041,255472321.6
20230731,ACT,BS042,-143315061.27
20230831,ACT,BS001,96237779.52
20230831,ACT,BS002,73561207.25
20230831,ACT,BS003,26215834.84
20230831,ACT,BS004,16384896.77
20230831,ACT,BS005,22938855.48
20230831,ACT,BS006,570541.72
20230831,ACT,BS007,382356.32
20230831,ACT,BS010,526873328.6
20230831,ACT,BS011,-242828514.37
20230831,ACT,BS012,21405880.1
20230831,ACT,BS013,120000000
20230831,ACT,BS014,187246.42
20230831,ACT,BS020,35604954.77
20230831,ACT,BS021,70000000
20230831,ACT,BS022,12200000.0
20230831,ACT,BS023,944954.35
20230831,ACT,BS024,8983.41
20230831,ACT,BS025,303924.91
20230831,ACT,BS030,231800000.0
20230831,ACT,BS031,49356760.65
20230831,ACT,BS032,375766.53
20230831,ACT,BS040,150000000
20230831,ACT,BS041,255562554.63
20230831,ACT,BS042,-144228486.6
20230930,ACT,BS001,61502988.28
20230930,ACT,BS002,95367506.44
20230930,ACT,BS003,33918312.01
20230930,ACT,BS004,21198945.0
20230930,ACT,BS005,29678523.01
20230930,ACT,BS006,757619.45
20230930,ACT,BS007,495998.2
20230930,ACT,BS010,528975753.43
20230930,ACT,BS011,-244885795.45
20230930,ACT,BS012,21218758.22
20230930,ACT,BS013,120000000
20230930,ACT,BS014,251530.78
20230930,ACT,BS020,46522268.24
20230930,ACT,BS021,70000000
20230930,ACT,BS022,12000000.0
20230930,ACT,BS023,1237897.56
20230930,ACT,BS024,70930.56
20230930,ACT,BS025,386201.64
20230930,ACT,BS030,228000000.0
20230930,ACT,BS031,49438277.36
20230930,ACT,BS032,494024.57
20230930,ACT,BS040,150000000
20230930,ACT,BS041,255525208.48
20230930,ACT,BS042,-145194669.04
20231031,ACT,BS001,57917105.5
20231031,ACT,BS002,96143569.03
20231031,ACT,BS003,35011672.8
20231031,ACT,BS004,21882295.5
20231031,ACT,BS005,30635213.7
20231031,ACT,BS006,754740.66
20231031,ACT,BS007,509965.1
20231031,ACT,BS010,531200673.4
20231031,ACT,BS011,-246970338.1
20231031,ACT,BS012,21033272.09
20231031,ACT,BS013,120000000
20231031,ACT,BS014,253473.5
20231031,ACT,BS020,46269059.24
20231031,ACT,BS021,70000000
20231031,ACT,BS022,12000000.0
20231031,ACT,BS023,1243271.68
20231031,ACT,BS024,81783.48
20231031,ACT,BS025,394907.62
20231031,ACT,BS030,228000000.0
20231031,ACT,BS031,49519928.69
20231031,ACT,BS032,494161.44
20231031,ACT,BS040,150000000
20231031,ACT,BS041,256389131.87
20231031,ACT,BS042,-146020600.84
20231130,ACT,BS001,52834383.12
20231130,ACT,BS002,98733247.04
20231130,ACT,BS003,37230534.97
20231130,ACT,BS004,23269084.36
20231130,ACT,BS005,32576718.1
20231130,ACT,BS006,807170.63
20231130,ACT,BS007,511352.15
20231130,ACT,BS010,533616587.5
20231130,ACT,BS011,-249035472.7
20231130,ACT,BS012,20849407.41
20231130,ACT,BS013,120000000
20231130,ACT,BS014,257281.34
20231130,ACT,BS020,49195234.42
20231130,ACT,BS021,70000000
20231130,ACT,BS022,12000000.0
20231130,ACT,BS023,1330428.97
20231130,ACT,BS024,82443.35
20231130,ACT,BS025,425232.87
20231130,ACT,BS030,228000000.0
20231130,ACT,BS031,49601714.88
20231130,ACT,BS032,528105.75
20231130,ACT,BS040,150000000
20231130,ACT,BS041,257225089.51
20231130,ACT,BS042,-146737955.83
20231231,ACT,BS001,36298807.96
20231231,ACT,BS002,108292747.42
20231231,ACT,BS003,39454836.37
20231231,ACT,BS004,24659272.73
20231231,ACT,BS005,34522981.82
20231231,ACT,BS006,831309.39
20231231,ACT,BS007,556214.02
20231231,ACT,BS010,536064731.09
20231231,ACT,BS011,-251129280.59
20231231,ACT,BS012,20667150.0
20231231,ACT,BS013,120000000
20231231,ACT,BS014,283961.46
20231231,ACT,BS020,52529558.53
20231231,ACT,BS021,70000000
20231231,ACT,BS022,11800000.0
20231231,ACT,BS023,1419165.38
20231231,ACT,BS024,137177.89
20231231,ACT,BS025,461313.89
20231231,ACT,BS030,224200000.0
20231231,ACT,BS031,49683636.14
20231231,ACT,BS032,561652.95
20231231,ACT,BS040,150000000
20231231,ACT,BS041,257154687.22
20231231,ACT,BS042,-147444460.33
20240131,ACT,BS001,105953172.34
20240131,ACT,BS002,69887809.49
20240131,ACT,BS003,22479451.68
20240131,ACT,BS004,14049657.3
20240131,ACT,BS005,19669520.22
20240131,ACT,BS006,688509.46
20240131,ACT,BS007,456215.18
20240131,ACT,BS010,538033324.89
20240131,ACT,BS011,-253331971.87
20240131,ACT,BS012,20486485.82
20240131,ACT,BS013,120000000
20240131,ACT,BS014,236082.47
20240131,ACT,BS020,37423693.03
20240131,ACT,BS021,70000000
20240131,ACT,BS022,11800000.0
20240131,ACT,BS023,1168013.24
20240131,ACT,BS024,429437.41
20240131,ACT,BS025,381620.07
20240131,ACT,BS030,224200000.0
20240131,ACT,BS031,49765692.71
20240131,ACT,BS032,480763.09
20240131,ACT,BS040,150000000
20240131,ACT,BS041,261491486.57
20240131,ACT,BS042,-148532449.14
20240229,ACT,BS001,106636807.0
20240229,ACT,BS002,72324253.94
20240229,ACT,BS003,23340414.29
20240229,ACT,BS004,14587758.93
20240229,ACT,BS005,20422862.5
20240229,ACT,BS006,724780.78
20240229,ACT,BS007,486012.74
20240229,ACT,BS010,540143040.46
20240229,ACT,BS011,-255529621.95
20240229,ACT,BS012,20307400.93
20240229,ACT,BS013,120000000
20240229,ACT,BS014,238726.18
20240229,ACT,BS020,38194880.11
20240229,ACT,BS021,70000000
20240229,ACT,BS022,11800000.0
20240229,ACT,BS023,1246224.22
20240229,ACT,BS024,466189.57
20240229,ACT,BS025,383613.56
20240229,ACT,BS030,224200000.0
20240229,ACT,BS031,49847884.8
20240229,ACT,BS032,479562.09
20240229,ACT,BS040,150000000
20240229,ACT,BS041,266202571.66
20240229,ACT,BS042,-149138490.21
20240331,ACT,BS001,93782939.91
20240331,ACT,BS002,80708107.94
20240331,ACT,BS003,25277590.93
20240331,ACT,BS004,15798494.33
20240331,ACT,BS005,22117892.07
20240331,ACT,BS006,834104.27
20240331,ACT,BS007,558350.99
20240331,ACT,BS010,542510916.03
20240331,ACT,BS011,-257743517.55
20240331,ACT,BS012,20129881.53
20240331,ACT,BS013,120000000
20240331,ACT,BS014,273387.45
20240331,ACT,BS020,43208837.11
20240331,ACT,BS021,70000000
20240331,ACT,BS022,11600000.0
20240331,ACT,BS023,1372622.0
20240331,ACT,BS024,540871.08
20240331,ACT,BS025,434889.36
20240331,ACT,BS030,220400000.0
20240331,ACT,BS031,49930212.63
20240331,ACT,BS032,538203.22
20240331,ACT,BS040,150000000
20240331,ACT,BS041,265919900.2
20240331,ACT,BS042,-149697387.7
20240430,ACT,BS001,98427342.94
20240430,ACT,BS002,78259392.37
20240430,ACT,BS003,25186611.35
20240430,ACT,BS004,15741632.09
20240430,ACT,BS005,22038284.93
20240430,ACT,BS006,798454.91
20240430,ACT,BS007,522678.63
20240430,ACT,BS010,544858284.3
20240430,ACT,BS011,-259933803.7
20240430,ACT,BS012,19953913.94
20240430,ACT,BS013,120000000
20240430,ACT,BS014,266960.56
20240430,ACT,BS020,40836614.28
20240430,ACT,BS021,70000000
20240430,ACT,BS022,11600000.0
20240430,ACT,BS023,1298684.66
20240430,ACT,BS024,507417.19
20240430,ACT,BS025,413973.86
20240430,ACT,BS030,220400000.0
20240430,ACT,BS031,50012676.44
20240430,ACT,BS032,535129.78
20240430,ACT,BS040,150000000
20240430,ACT,BS041,271024056.84
20240430,ACT,BS042,-150508800.73
20240531,ACT,BS001,98888216.89
20240531,ACT,BS002,81416255.58
20240531,ACT,BS003,26152755.2
20240531,ACT,BS004,16345472.0
20240531,ACT,BS005,22883660.8
20240531,ACT,BS006,822204.07
20240531,ACT,BS007,539599.0
20240531,ACT,BS010,547239087.1
20240531,ACT,BS011,-262110984.49
20240531,ACT,BS012,19779484.58
20240531,ACT,BS013,120000000
20240531,ACT,BS014,275533.87
20240531,ACT,BS020,41772069.65
20240531,ACT,BS021,70000000
20240531,ACT,BS022,11600000.0
20240531,ACT,BS023,1365725.71
20240531,ACT,BS024,551870.43
20240531,ACT,BS025,428517.3
20240531,ACT,BS030,220400000.0
20240531,ACT,BS031,50095276.44
20240531,ACT,BS032,535249.92
20240531,ACT,BS040,150000000
20240531,ACT,BS041,276760804.82
20240531,ACT,BS042,-151278229.67
20240630,ACT,BS001,91909698.94
20240630,ACT,BS002,85845456.17
20240630,ACT,BS003,26134943.24
20240630,ACT,BS004,16334339.52
20240630,ACT,BS005,22868075.33
20240630,ACT,BS006,824816.16
20240630,ACT,BS007,570905.33
20240630,ACT,BS010,549688643.58
20240630,ACT,BS011,-264318945.75
20240630,ACT,BS012,19606580.02
20240630,ACT,BS013,120000000
20240630,ACT,BS014,286915.64
20240630,ACT,BS020,44070407.95
20240630,ACT,BS021,70000000
20240630,ACT,BS022,11400000.0
20240630,ACT,BS023,1406717.57
20240630,ACT,BS024,560889.56
20240630,ACT,BS025,437157.06
20240630,ACT,BS030,216600000.0
20240630,ACT,BS031,50178012.86
20240630,ACT,BS032,551964.03
20240630,ACT,BS040,150000000
20240630,ACT,BS041,276464392.86
20240630,ACT,BS042,-151918113.71
20240731,ACT,BS001,116353615.12
20240731,ACT,BS002,68457332.04
20240731,ACT,BS003,21085332.17
20240731,ACT,BS004,13178332.61
20240731,ACT,BS005,18449665.65
20240731,ACT,BS006,667452.52
20240731,ACT,BS007,445366.99
20240731,ACT,BS010,551666376.37
20240731,ACT,BS011,-266507465.22
20240731,ACT,BS012,19435186.93
20240731,ACT,BS013,120000000
20240731,ACT,BS014,232861.03
20240731,ACT,BS020,34882280.92
20240731,ACT,BS021,70000000
20240731,ACT,BS022,11400000.0
20240731,ACT,BS023,1146616.04
20240731,ACT,BS024,413123.53
20240731,ACT,BS025,368606.76
20240731,ACT,BS030,216600000.0
20240731,ACT,BS031,50260885.93
20240731,ACT,BS032,446956.6
20240731,ACT,BS040,150000000
20240731,ACT,BS041,280754667.65
20240731,ACT,BS042,-152809081.22
20240831,ACT,BS001,124389053.7
20240831,ACT,BS002,64651631.18
20240831,ACT,BS003,20614497.82
20240831,ACT,BS004,12884061.14
20240831,ACT,BS005,18037685.59
20240831,ACT,BS006,655232.62
20240831,ACT,BS007,429801.28
20240831,ACT,BS010,553492855.56
20240831,ACT,BS011,-268711351.22
20240831,ACT,BS012,19265292.09
20240831,ACT,BS013,120000000
20240831,ACT,BS014,214547.5
20240831,ACT,BS020,34278939.12
20240831,ACT,BS021,70000000
20240831,ACT,BS022,11400000.0
20240831,ACT,BS023,1085234.44
20240831,ACT,BS024,371343.12
20240831,ACT,BS025,348893.89
20240831,ACT,BS030,216600000.0
20240831,ACT,BS031,50343895.87
20240831,ACT,BS032,427206.01
20240831,ACT,BS040,150000000
20240831,ACT,BS041,284629185.23
20240831,ACT,BS042,-153561390.42
20240930,ACT,BS001,95352686.23
20240930,ACT,BS002,83578960.03
20240930,ACT,BS003,26736699.83
20240930,ACT,BS004,16710437.39
20240930,ACT,BS005,23394612.35
20240930,ACT,BS006,857524.94
20240930,ACT,BS007,565919.8
20240930,ACT,BS010,556025684.49
20240930,ACT,BS011,-270932997.25
20240930,ACT,BS012,19096882.4
20240930,ACT,BS013,120000000
20240930,ACT,BS014,273599.44
20240930,ACT,BS020,44597802.85
20240930,ACT,BS021,70000000
20240930,ACT,BS022,11200000.0
20240930,ACT,BS023,1377097.66
20240930,ACT,BS024,538359.88
20240930,ACT,BS025,458798.06
20240930,ACT,BS030,212800000.0
20240930,ACT,BS031,50427042.9
20240930,ACT,BS032,556689.89
20240930,ACT,BS040,150000000
20240930,ACT,BS041,284345244.81
20240930,ACT,BS042,-154641026.4
20241031,ACT,BS001,89274800.09
20241031,ACT,BS002,91595751.76
20241031,ACT,BS003,28840401.81
20241031,ACT,BS004,18025251.13
20241031,ACT,BS005,25235351.58
20241031,ACT,BS006,882974.59
20241031,ACT,BS007,580618.84
20241031,ACT,BS010,558577825.91
20241031,ACT,BS011,-273090584.7
20241031,ACT,BS012,18929944.88
20241031,ACT,BS013,120000000
20241031,ACT,BS014,292575.12
20241031,ACT,BS020,46839209.04
20241031,ACT,BS021,70000000
20241031,ACT,BS022,11200000.0
20241031,ACT,BS023,1479455.68
20241031,ACT,BS024,557441.94
20241031,ACT,BS025,481888.74
20241031,ACT,BS030,212800000.0
20241031,ACT,BS031,50510327.26
20241031,ACT,BS032,573066.72
20241031,ACT,BS040,150000000
20241031,ACT,BS041,290034400.51
20241031,ACT,BS042,-155330878.88
20241130,ACT,BS001,89437423.79
20241130,ACT,BS002,94373947.06
20241130,ACT,BS003,30355387.01
20241130,ACT,BS004,18972116.88
20241130,ACT,BS005,26560963.64
20241130,ACT,BS006,925384.53
20241130,ACT,BS007,616862.22
20241130,ACT,BS010,561221072.04
20241130,ACT,BS011,-275253318.77
20241130,ACT,BS012,18764466.67
20241130,ACT,BS013,120000000
20241130,ACT,BS014,309525.33
20241130,ACT,BS020,48624978.93
20241130,ACT,BS021,70000000
20241130,ACT,BS022,11200000.0
20241130,ACT,BS023,1543282.17
20241130,ACT,BS024,548743.22
20241130,ACT,BS025,500237.12
20241130,ACT,BS030,212800000.0
20241130,ACT,BS031,50593749.18
20241130,ACT,BS032,604235.36
20241130,ACT,BS040,150000000
20241130,ACT,BS041,295732612.29
20241130,ACT,BS042,-155864007.87
20241231,ACT,BS001,55246200.59
20241231,ACT,BS002,101575938.23
20241231,ACT,BS003,32460277.58
20241231,ACT,BS004,20287673.49
20241231,ACT,BS005,28402742.89
20241231,ACT,BS006,1009304.73
20241231,ACT,BS007,648735.11
20241231,ACT,BS010,564092555.89
20241231,ACT,BS011,-277415732.8
20241231,ACT,BS012,18600435.0
20241231,ACT,BS013,120000000
20241231,ACT,BS014,321619.59
20241231,ACT,BS020,53108223.69
20241231,ACT,BS021,49000000.0
20241231,ACT,BS022,11000000.0
20241231,ACT,BS023,1622794.91
20241231,ACT,BS024,659073.74
20241231,ACT,BS025,529233.32
20241231,ACT,BS030,209000000.0
20241231,ACT,BS031,50677308.87
20241231,ACT,BS032,653530.27
20241231,ACT,BS040,150000000
20241231,ACT,BS041,295396168.51
20241231,ACT,BS042,-156416583.01
20250131,ACT,BS001,87395245.49
20250131,ACT,BS002,78324651.48
20250131,ACT,BS003,24873628.82
20250131,ACT,BS004,15546018.01
20250131,ACT,BS005,21764425.22
20250131,ACT,BS006,732202.96
20250131,ACT,BS007,502235.75
20250131,ACT,BS010,566366840.09
20250131,ACT,BS011,-279696349.85
20250131,ACT,BS012,18437837.23
20250131,ACT,BS013,120000000
20250131,ACT,BS014,250761.75
20250131,ACT,BS020,38897182.68
20250131,ACT,BS021,49000000.0
20250131,ACT,BS022,11000000.0
20250131,ACT,BS023,1254527.96
20250131,ACT,BS024,413433.85
20250131,ACT,BS025,386144.91
20250131,ACT,BS030,209000000.0
20250131,ACT,BS031,50761006.56
20250131,ACT,BS032,493225.86
20250131,ACT,BS040,150000000
20250131,ACT,BS041,299772437.74
20250131,ACT,BS042,-156480462.61
20250228,ACT,BS001,89049130.56
20250228,ACT,BS002,80667843.65
20250228,ACT,BS003,26058291.81
20250228,ACT,BS004,16286432.38
20250228,ACT,BS005,22801005.33
20250228,ACT,BS006,789457.41
20250228,ACT,BS007,512320.47
20250228,ACT,BS010,568699792.03
20250228,ACT,BS011,-281992426.67
20250228,ACT,BS012,18276660.83
20250228,ACT,BS013,120000000
20250228,ACT,BS014,253985.58
20250228,ACT,BS020,41566983.61
20250228,ACT,BS021,49000000.0
20250228,ACT,BS022,11000000.0
20250228,ACT,BS023,1317574.69
20250228,ACT,BS024,468377.96
20250228,ACT,BS025,409574.96
20250228,ACT,BS030,209000000.0
20250228,ACT,BS031,50844842.49
20250228,ACT,BS032,533702.41
20250228,ACT,BS040,150000000
20250228,ACT,BS041,304613256.51
20250228,ACT,BS042,-157351819.25
20250331,ACT,BS001,73937841.62
20250331,ACT,BS002,89077417.49
20250331,ACT,BS003,28318303.11
20250331,ACT,BS004,17698939.45
20250331,ACT,BS005,24778515.22
20250331,ACT,BS006,850234.81
20250331,ACT,BS007,572161.42
20250331,ACT,BS010,571173068.35
20250331,ACT,BS011,-284305063.54
20250331,ACT,BS012,18116893.38
20250331,ACT,BS013,120000000
20250331,ACT,BS014,281464.61
20250331,ACT,BS020,45278218.24
20250331,ACT,BS021,49000000.0
20250331,ACT,BS022,10800000.0
20250331,ACT,BS023,1409061.31
20250331,ACT,BS024,504012.94
20250331,ACT,BS025,467676.47
20250331,ACT,BS030,205200000.0
20250331,ACT,BS031,50928816.88
20250331,ACT,BS032,590115.36
20250331,ACT,BS040,150000000
20250331,ACT,BS041,304349763.72
20250331,ACT,BS042,-158027889.0
20250430,ACT,BS001,81243636.36
20250430,ACT,BS002,85819653.61
20250430,ACT,BS003,28333883.39
20250430,ACT,BS004,17708677.12
20250430,ACT,BS005,24792147.97
20250430,ACT,BS006,832445.72
20250430,ACT,BS007,566068.14
20250430,ACT,BS010,573595227.56
20250430,ACT,BS011,-286584201.87
20250430,ACT,BS012,17958522.54
20250430,ACT,BS013,120000000
20250430,ACT,BS014,280119.45
20250430,ACT,BS020,45257086.73
20250430,ACT,BS021,49000000.0
20250430,ACT,BS022,10800000.0
20250430,ACT,BS023,1371436.11
20250430,ACT,BS024,473953.16
20250430,ACT,BS025,454385.74
20250430,ACT,BS030,205200000.0
20250430,ACT,BS031,51012929.96
20250430,ACT,BS032,549149.2
20250430,ACT,BS040,150000000
20250430,ACT,BS041,309194667.1
20250430,ACT,BS042,-158767428.01
20250531,ACT,BS001,80221166.34
20250531,ACT,BS002,91112130.91
20250531,ACT,BS003,28820620.2
20250531,ACT,BS004,18012887.63
20250531,ACT,BS005,25218042.68
20250531,ACT,BS006,850755.82
20250531,ACT,BS007,567353.91
20250531,ACT,BS010,576052863.19
20250531,ACT,BS011,-288860273.27
20250531,ACT,BS012,17801536.12
20250531,ACT,BS013,120000000
20250531,ACT,BS014,282638.56
20250531,ACT,BS020,45960503.44
20250531,ACT,BS021,49000000.0
20250531,ACT,BS022,10800000.0
20250531,ACT,BS023,1408758.5
20250531,ACT,BS024,499568.66
20250531,ACT,BS025,455864.42
20250531,ACT,BS030,205200000.0
20250531,ACT,BS031,51097181.97
20250531,ACT,BS032,567513.51
20250531,ACT,BS040,150000000
20250531,ACT,BS041,314468341.4
20250531,ACT,BS042,-159378009.81
20250630,ACT,BS001,73001804.77
20250630,ACT,BS002,91943535.81
20250630,ACT,BS003,30084421.47
20250630,ACT,BS004,18802763.42
20250630,ACT,BS005,26323868.79
20250630,ACT,BS006,904332.95
20250630,ACT,BS007,592741.36
20250630,ACT,BS010,578649657.5
20250630,ACT,BS011,-291148723.94
20250630,ACT,BS012,17645922.02
20250630,ACT,BS013,120000000
20250630,ACT,BS014,299666.86
20250630,ACT,BS020,47875893.97
20250630,ACT,BS021,49000000.0
20250630,ACT,BS022,10600000.0
20250630,ACT,BS023,1459437.29
20250630,ACT,BS024,529730.97
20250630,ACT,BS025,470598.51
20250630,ACT,BS030,201400000.0
20250630,ACT,BS031,51181573.12
20250630,ACT,BS032,608273.23
20250630,ACT,BS040,150000000
20250630,ACT,BS041,314198896.83
20250630,ACT,BS042,-160224412.91
20250731,ACT,BS001,100698561.71
20250731,ACT,BS002,74675767.26
20250731,ACT,BS003,23306520.54
20250731,ACT,BS004,14566575.34
20250731,ACT,BS005,20393205.47
20250731,ACT,BS006,703427.36
20250731,ACT,BS007,479753.36
20250731,ACT,BS010,580587838.79
20250731,ACT,BS011,-293409870.36
20250731,ACT,BS012,17491668.24
20250731,ACT,BS013,120000000
20250731,ACT,BS014,237086.24
20250731,ACT,BS020,37323725.37
20250731,ACT,BS021,49000000.0
20250731,ACT,BS022,10600000.0
20250731,ACT,BS023,1198342.31
20250731,ACT,BS024,413664.72
20250731,ACT,BS025,391288.65
20250731,ACT,BS030,201400000.0
20250731,ACT,BS031,51266103.65
20250731,ACT,BS032,479516.75
20250731,ACT,BS040,150000000
20250731,ACT,BS041,318400519.9
20250731,ACT,BS042,-160742627.4
20250831,ACT,BS001,106420793.48
20250831,ACT,BS002,71756247.42
20250831,ACT,BS003,23228023.09
20250831,ACT,BS004,14517514.43
20250831,ACT,BS005,20324520.2
20250831,ACT,BS006,696254.61
20250831,ACT,BS007,451428.19
20250831,ACT,BS010,582623316.03
20250831,ACT,BS011,-295712973.06
20250831,ACT,BS012,17338762.88
20250831,ACT,BS013,120000000
20250831,ACT,BS014,236210.64
20250831,ACT,BS020,36565796.13
20250831,ACT,BS021,49000000.0
20250831,ACT,BS022,10600000.0
20250831,ACT,BS023,1146225.85
20250831,ACT,BS024,359725.5
20250831,ACT,BS025,365970.03
20250831,ACT,BS030,201400000.0
20250831,ACT,BS031,51350773.78
20250831,ACT,BS032,465837.34
20250831,ACT,BS040,150000000
20250831,ACT,BS041,322173565.0
20250831,ACT,BS042,-161547795.72
20250930,ACT,BS001,58070876.51
20250930,ACT,BS002,92470794.31
20250930,ACT,BS003,29680848.1
20250930,ACT,BS004,18550530.06
20250930,ACT,BS005,25970742.09
20250930,ACT,BS006,889041.4
20250930,ACT,BS007,607567.92
20250930,ACT,BS010,585347084.4
20250930,ACT,BS011,-297983795.5
20250930,ACT,BS012,17187194.16
20250930,ACT,BS013,120000000
20250930,ACT,BS014,294938.75
20250930,ACT,BS020,47841111.17
20250930,ACT,BS021,91000000.0
20250930,ACT,BS022,7400000.0
20250930,ACT,BS023,1482795.5
20250930,ACT,BS024,551065.81
20250930,ACT,BS025,469757.79
20250930,ACT,BS030,140600000.0
20250930,ACT,BS031,51435583.76
20250930,ACT,BS032,601249.04
20250930,ACT,BS040,150000000
20250930,ACT,BS041,321890297.23
20250930,ACT,BS042,-162186038.1
20251031,ACT,BS001,58619630.94
20251031,ACT,BS002,95455573.87
20251031,ACT,BS003,30390300.08
20251031,ACT,BS004,18993937.55
20251031,ACT,BS005,26591512.57
20251031,ACT,BS006,900901.69
20251031,ACT,BS007,591178.37
20251031,ACT,BS010,587923640.21
20251031,ACT,BS011,-300250503.38
20251031,ACT,BS012,17036950.39
20251031,ACT,BS013,120000000
20251031,ACT,BS014,299160.26
20251031,ACT,BS020,47961866.74
20251031,ACT,BS021,91000000.0
20251031,ACT,BS022,7400000.0
20251031,ACT,BS023,1528062.53
20251031,ACT,BS024,567515.33
20251031,ACT,BS025,497435.03
20251031,ACT,BS030,140600000.0
20251031,ACT,BS031,51520533.81
20251031,ACT,BS032,601041.23
20251031,ACT,BS040,150000000
20251031,ACT,BS041,327783595.25
20251031,ACT,BS042,-162907767.37
20251130,ACT,BS001,60740957.38
20251130,ACT,BS002,97784763.52
20251130,ACT,BS003,31267676.34
20251130,ACT,BS004,19542297.71
20251130,ACT,BS005,27359216.8
20251130,ACT,BS006,971185.71
20251130,ACT,BS007,648397.9
20251130,ACT,BS010,590721984.71
20251130,ACT,BS011,-302562317.0
20251130,ACT,BS012,16888020.0
20251130,ACT,BS013,120000000
20251130,ACT,BS014,318053.26
20251130,ACT,BS020,49876638.3
20251130,ACT,BS021,91000000.0
20251130,ACT,BS022,7400000.0
20251130,ACT,BS023,1556652.14
20251130,ACT,BS024,574701.21
20251130,ACT,BS025,509924.23
20251130,ACT,BS030,140600000.0
20251130,ACT,BS031,51605624.16
20251130,ACT,BS032,629381.45
20251130,ACT,BS040,150000000
20251130,ACT,BS041,333539806.06
20251130,ACT,BS042,-163612491.22
20251231,ACT,BS001,44546187.66
20251231,ACT,BS002,106966521.53
20251231,ACT,BS003,33617053.5
20251231,ACT,BS004,21010658.44
20251231,ACT,BS005,29414921.81
20251231,ACT,BS006,1022459.31
20251231,ACT,BS007,683496.5
20251231,ACT,BS010,593843345.12
20251231,ACT,BS011,-304826052.45
20251231,ACT,BS012,16740391.5
20251231,ACT,BS013,120000000
20251231,ACT,BS014,350310.13
20251231,ACT,BS020,54163974.72
20251231,ACT,BS021,91000000.0
20251231,ACT,BS022,7200000.0
20251231,ACT,BS023,1673259.96
20251231,ACT,BS024,686722.07
20251231,ACT,BS025,535474.24
20251231,ACT,BS030,136800000.0
20251231,ACT,BS031,51690855.04
20251231,ACT,BS032,674367.12
20251231,ACT,BS040,150000000
20251231,ACT,BS041,333185035.2
20251231,ACT,BS042,-164240395.3
20260131,ACT,BS001,87452912.62
20260131,ACT,BS002,72243601.71
20260131,ACT,BS003,23498395.35
20260131,ACT,BS004,14686497.09
20260131,ACT,BS005,20561095.93
20260131,ACT,BS006,787043.57
20260131,ACT,BS007,509490.65
20260131,ACT,BS010,596055402.24
20260131,ACT,BS011,-304638593.5
20260131,ACT,BS012,16594053.51
20260131,ACT,BS013,120000000
20260131,ACT,BS014,268273.67
20260131,ACT,BS020,40239548.81
20260131,ACT,BS021,91000000.0
20260131,ACT,BS022,7200000.0
20260131,ACT,BS023,1295350.8
20260131,ACT,BS024,0.0
20260131,ACT,BS025,423647.8
20260131,ACT,BS030,136800000.0
20260131,ACT,BS031,51776226.69
20260131,ACT,BS032,507339.19
20260131,ACT,BS040,150000000
20260131,ACT,BS041,333185035.2
20260131,ACT,BS042,-164408975.65
20260228,ACT,BS001,79275028.33
20260228,ACT,BS002,76723253.82
20260228,ACT,BS003,24764480.55
20260228,ACT,BS004,15477800.35
20260228,ACT,BS005,21668920.48
20260228,ACT,BS006,818684.49
20260228,ACT,BS007,543263.16
20260228,ACT,BS010,598408683.64
20260228,ACT,BS011,-304432669.29
20260228,ACT,BS012,16448994.75
20260228,ACT,BS013,120000000
20260228,ACT,BS014,264947.7
20260228,ACT,BS020,42695670.07
20260228,ACT,BS021,91000000.0
20260228,ACT,BS022,7200000.0
20260228,ACT,BS023,1373409.77
20260228,ACT,BS024,0.0
20260228,ACT,BS025,433642.9
20260228,ACT,BS030,136800000.0
20260228,ACT,BS031,51861739.34
20260228,ACT,BS032,543093.36
20260228,ACT,BS040,150000000
20260228,ACT,BS041,333185035.2
20260228,ACT,BS042,-165131202.66
20260331,ACT,BS001,61654650.73
20260331,ACT,BS002,84127776.88
20260331,ACT,BS003,27300321.83
20260331,ACT,BS004,17062701.15
20260331,ACT,BS005,23887781.6
20260331,ACT,BS006,914553.57
20260331,ACT,BS007,599241.15
20260331,ACT,BS010,601053618.5
20260331,ACT,BS011,-304237524.51
20260331,ACT,BS012,16305204.04
20260331,ACT,BS013,120000000
20260331,ACT,BS014,306487.87
20260331,ACT,BS020,46580547.24
20260331,ACT,BS021,91000000.0
20260331,ACT,BS022,7000000.0
20260331,ACT,BS023,1517981.97
20260331,ACT,BS024,0.0
20260331,ACT,BS025,471038.05
20260331,ACT,BS030,133000000.0
20260331,ACT,BS031,51947393.22
20260331,ACT,BS032,615436.94
20260331,ACT,BS040,150000000
20260331,ACT,BS041,333185035.2
20260331,ACT,BS042,-166342619.81
20260430,ACT,BS001,63064164.23
20260430,ACT,BS002,80281446.15
20260430,ACT,BS003,26584939.36
20260430,ACT,BS004,16615587.1
20260430,ACT,BS005,23261821.94
20260430,ACT,BS006,868373.71
20260430,ACT,BS007,563245.04
20260430,ACT,BS010,603667049.03
20260430,ACT,BS011,-304044845.24
20260430,ACT,BS012,16162670.29
20260430,ACT,BS013,120000000
20260430,ACT,BS014,290414.69
20260430,ACT,BS020,45855695.61
20260430,ACT,BS021,91000000.0
20260430,ACT,BS022,7000000.0
20260430,ACT,BS023,1438673.32
20260430,ACT,BS024,0.0
20260430,ACT,BS025,460687.26
20260430,ACT,BS030,133000000.0
20260430,ACT,BS031,52033188.56
20260430,ACT,BS032,588638.13
20260430,ACT,BS040,150000000
20260430,ACT,BS041,333185035.2
20260430,ACT,BS042,-167247051.78
20260531,ACT,BS001,56190105.77
20260531,ACT,BS002,84179381.8
20260531,ACT,BS003,27106172.94
20260531,ACT,BS004,16941358.09
20260531,ACT,BS005,23717901.32
20260531,ACT,BS006,886758.81
20260531,ACT,BS007,605655.99
20260531,ACT,BS010,606418013.11
20260531,ACT,BS011,-303863227.31
20260531,ACT,BS012,16021382.51
20260531,ACT,BS013,120000000
20260531,ACT,BS014,297889.93
20260531,ACT,BS020,47876752.35
20260531,ACT,BS021,91000000.0
20260531,ACT,BS022,7000000.0
20260531,ACT,BS023,1482736.09
20260531,ACT,BS024,0.0
20260531,ACT,BS025,494461.16
20260531,ACT,BS030,133000000.0
20260531,ACT,BS031,52119125.61
20260531,ACT,BS032,611383.31
20260531,ACT,BS040,150000000
20260531,ACT,BS041,333185035.2
20260531,ACT,BS042,-168268100.76
20260630,ACT,BS001,45798563.68
20260630,ACT,BS002,86670821.81
20260630,ACT,BS003,27345197.85
20260630,ACT,BS004,17090748.66
20260630,ACT,BS005,23927048.12
20260630,ACT,BS006,907652.26
20260630,ACT,BS007,615081.06
20260630,ACT,BS010,609248426.64
20260630,ACT,BS011,-303642176.92
20260630,ACT,BS012,15881329.82
20260630,ACT,BS013,120000000
20260630,ACT,BS014,317600.48
20260630,ACT,BS020,48328050.37
20260630,ACT,BS021,91000000.0
20260630,ACT,BS022,6800000.0
20260630,ACT,BS023,1527863.88
20260630,ACT,BS024,0.0
20260630,ACT,BS025,497064.84
20260630,ACT,BS030,129200000.0
20260630,ACT,BS031,52205204.58
20260630,ACT,BS032,605529.96
20260630,ACT,BS040,150000000
20260630,ACT,BS041,333185035.2
20260630,ACT,BS042,-169188455.37
20260731,ACT,BS001,61720115.91
20260731,ACT,BS002,69899613.1
20260731,ACT,BS003,22389248.76
20260731,ACT,BS004,13993280.48
20260731,ACT,BS005,19590592.67
20260731,ACT,BS006,752510.33
20260731,ACT,BS007,496933.04
20260731,ACT,BS010,611433680.07
20260731,ACT,BS011,-303421283.24
20260731,ACT,BS012,15742501.41
20260731,ACT,BS013,120000000
20260731,ACT,BS014,249605.91
20260731,ACT,BS020,38336564.1
20260731,ACT,BS021,91000000.0
20260731,ACT,BS022,6800000.0
20260731,ACT,BS023,1241364.46
20260731,ACT,BS024,0.0
20260731,ACT,BS025,402047.07
20260731,ACT,BS030,129200000.0
20260731,ACT,BS031,52291425.72
20260731,ACT,BS032,515740.64
20260731,ACT,BS040,150000000
20260731,ACT,BS041,333185035.2
20260731,ACT,BS042,-170125378.75
20260831,ACT,BS001,61203144.37
20260831,ACT,BS002,67136540.84
20260831,ACT,BS003,21847221.88
20260831,ACT,BS004,13654513.68
20260831,ACT,BS005,19116319.15
20260831,ACT,BS006,732879.25
20260831,ACT,BS007,491673.43
20260831,ACT,BS010,613542543.28
20260831,ACT,BS011,-303213346.16
20260831,ACT,BS012,15604886.59
20260831,ACT,BS013,120000000
20260831,ACT,BS014,249779.17
20260831,ACT,BS020,36757636.32
20260831,ACT,BS021,91000000.0
20260831,ACT,BS022,6800000.0
20260831,ACT,BS023,1200025.01
20260831,ACT,BS024,0.0
20260831,ACT,BS025,384670.24
20260831,ACT,BS030,129200000.0
20260831,ACT,BS031,52377789.26
20260831,ACT,BS032,490839.68
20260831,ACT,BS040,150000000
20260831,ACT,BS041,333185035.2
20260831,ACT,BS042,-171029840.23
20260930,ACT,BS001,27926300.19
20260930,ACT,BS002,87804182.41
20260930,ACT,BS003,28190894.24
20260930,ACT,BS004,17619308.9
20260930,ACT,BS005,24667032.46
20260930,ACT,BS006,911977.99
20260930,ACT,BS007,628999.16
20260930,ACT,BS010,616416075.21
20260930,ACT,BS011,-303015784.55
20260930,ACT,BS012,15468474.74
20260930,ACT,BS013,120000000
20260930,ACT,BS014,310065.56
20260930,ACT,BS020,47455762.46
20260930,ACT,BS021,91000000.0
20260930,ACT,BS022,6600000.0
20260930,ACT,BS023,1563010.18
20260930,ACT,BS024,0.0
20260930,ACT,BS025,506691.05
20260930,ACT,BS030,125400000.0
20260930,ACT,BS031,52464295.44
20260930,ACT,BS032,632521.77
20260930,ACT,BS040,150000000
20260930,ACT,BS041,333185035.2
20260930,ACT,BS042,-171879789.79
20261031,ACT,BS001,23445410.72
20261031,ACT,BS002,89916630.03
20261031,ACT,BS003,28717254.55
20261031,ACT,BS004,17948284.09
20261031,ACT,BS005,25127597.73
20261031,ACT,BS006,936290.28
20261031,ACT,BS007,648569.16
20261031,ACT,BS010,619327948.58
20261031,ACT,BS011,-302817308.32
20261031,ACT,BS012,15333255.35
20261031,ACT,BS013,120000000
20261031,ACT,BS014,316268.24
20261031,ACT,BS020,50394059.77
20261031,ACT,BS021,91000000.0
20261031,ACT,BS022,6600000.0
20261031,ACT,BS023,1588778.28
20261031,ACT,BS024,0.0
20261031,ACT,BS025,499514.47
20261031,ACT,BS030,125400000.0
20261031,ACT,BS031,52550944.49
20261031,ACT,BS032,635285.74
20261031,ACT,BS040,150000000
20261031,ACT,BS041,333185035.2
20261031,ACT,BS042,-172953417.54
20261130,ACT,BS001,13970009.24
20261130,ACT,BS002,92882613.05
20261130,ACT,BS003,30170151.06
20261130,ACT,BS004,18856344.41
20261130,ACT,BS005,26398882.18
20261130,ACT,BS006,1019298.56
20261130,ACT,BS007,679437.34
20261130,ACT,BS010,622137362.84
20261130,ACT,BS011,-302626522.12
20261130,ACT,BS012,15199218.0
20261130,ACT,BS013,120000000
20261130,ACT,BS014,333354.85
20261130,ACT,BS020,51172926.2
20261130,ACT,BS021,91000000.0
20261130,ACT,BS022,6600000.0
20261130,ACT,BS023,1652382.11
20261130,ACT,BS024,0.0
20261130,ACT,BS025,522511.48
20261130,ACT,BS030,125400000.0
20261130,ACT,BS031,52637736.64
20261130,ACT,BS032,672232.43
20261130,ACT,BS040,150000000
20261130,ACT,BS041,333185035.2
20261130,ACT,BS042,-173822674.65
20261231,ACT,BS001,18229842.86
20261231,ACT,BS002,100026650.72
20261231,ACT,BS003,32672574.29
20261231,ACT,BS004,20420358.93
20261231,ACT,BS005,28588502.51
20261231,ACT,BS006,1110374.79
20261231,ACT,BS007,738683.56
20261231,ACT,BS010,625383114.36
20261231,ACT,BS011,-302406494.68
20261231,ACT,BS012,15066352.35
20261231,ACT,BS013,120000000
20261231,ACT,BS014,357003.89
20261231,ACT,BS020,57182607.54
20261231,ACT,BS021,111000000.0
20261231,ACT,BS022,6400000.0
20261231,ACT,BS023,1808413.57
20261231,ACT,BS024,0.0
20261231,ACT,BS025,582307.28
20261231,ACT,BS030,121600000.0
20261231,ACT,BS031,52724672.15
20261231,ACT,BS032,721634.86
20261231,ACT,BS040,150000000
20261231,ACT,BS041,333185035.2
20261231,ACT,BS042,-175017707.02
